case_id,genre,diplome,anciennete_annees,verite_terrain,recommandation_ia,ia_visible,decision_humaine,recours,decision_finale,decision_at,final_at,reviewer_id,synthetic
SYN-00001,Homme,Bac+2,9.6,Défavorable,Favorable,Masquée,Défavorable,Non,Défavorable,2026-02-19,,R-14,True
SYN-00002,Femme,Licence,4.8,Défavorable,Favorable,Masquée,Favorable,Non,Favorable,2026-04-01,,R-09,True
SYN-00003,Femme,Bac+2,4.9,Favorable,Défavorable,Visible,Défavorable,Oui,Défavorable,2026-01-28,2026-03-06,R-03,True
SYN-00004,Homme,Licence,4.4,Défavorable,Favorable,Masquée,Défavorable,Oui,Défavorable,2026-04-17,2026-05-25,R-27,True
SYN-00005,Femme,Licence,10.6,Favorable,Favorable,Visible,Favorable,Non,Favorable,2026-02-08,,R-21,True
SYN-00006,Femme,Master,3.9,Défavorable,Favorable,Masquée,Favorable,Non,Favorable,2026-02-06,,R-19,True
SYN-00007,Homme,Bac+2,7.1,Défavorable,Favorable,Visible,Favorable,Non,Favorable,2026-03-01,,R-14,True
SYN-00008,Femme,Bac+2,4.5,Favorable,Favorable,Masquée,Favorable,Non,Favorable,2026-01-15,,R-04,True
SYN-00009,Homme,Licence,7.8,Défavorable,Favorable,Visible,Défavorable,Non,Défavorable,2026-04-09,,R-18,True
SYN-00010,Homme,Licence,10.3,Favorable,Favorable,Visible,Favorable,Non,Favorable,2026-01-13,,R-09,True
SYN-00011,Femme,Licence,2.9,Favorable,Défavorable,Masquée,Défavorable,Non,Défavorable,2026-03-24,,R-21,True
SYN-00012,Femme,Licence,11.1,Favorable,Défavorable,Visible,Défavorable,Oui,Favorable,2026-04-04,2026-04-30,R-07,True
SYN-00013,Femme,Master,4.4,Favorable,Favorable,Visible,Favorable,Non,Favorable,2026-04-18,,R-19,True
SYN-00014,Homme,Master,0.3,Favorable,Favorable,Masquée,Défavorable,Oui,Défavorable,2026-02-02,2026-02-09,R-08,True
SYN-00015,Femme,Bac+2,6.5,Défavorable,Favorable,Visible,Favorable,Non,Favorable,2026-03-02,,R-06,True
SYN-00016,Femme,Master,4.1,Défavorable,Défavorable,Masquée,Défavorable,Non,Défavorable,2026-02-18,,R-17,True
SYN-00017,Homme,Bac+2,6.0,Favorable,Favorable,Visible,Favorable,Non,Favorable,2026-01-12,,R-19,True
SYN-00018,Femme,Master,5.1,Défavorable,Favorable,Visible,Favorable,Non,Favorable,2026-03-10,,R-16,True
SYN-00019,Homme,Bac+2,13.7,Favorable,Favorable,Masquée,Défavorable,Oui,Favorable,2026-02-04,2026-03-07,R-27,True
SYN-00020,Femme,Bac+2,3.5,Défavorable,Défavorable,Masquée,Favorable,Non,Favorable,2026-04-19,,R-24,True
SYN-00021,Homme,Licence,11.1,Favorable,Favorable,Masquée,Défavorable,Oui,Favorable,2026-04-02,2026-05-01,R-08,True
SYN-00022,Femme,Master,3.9,Favorable,Favorable,Visible,Favorable,Non,Favorable,2026-03-05,,R-30,True
SYN-00023,Femme,Licence,5.7,Favorable,Favorable,Visible,Favorable,Non,Favorable,2026-04-27,,R-02,True
SYN-00024,Femme,Bac+2,4.1,Défavorable,Défavorable,Visible,Défavorable,Non,Défavorable,2026-03-18,,R-05,True
SYN-00025,Homme,Bac+2,7.0,Favorable,Favorable,Masquée,Favorable,Non,Favorable,2026-04-16,,R-03,True
SYN-00026,Homme,Bac+2,12.8,Défavorable,Favorable,Visible,Défavorable,Non,Défavorable,2026-01-30,,R-18,True
SYN-00027,Femme,Master,9.2,Favorable,Favorable,Visible,Favorable,Non,Favorable,2026-03-09,,R-27,True
SYN-00028,Femme,Master,4.7,Défavorable,Favorable,Masquée,Favorable,Non,Favorable,2026-03-01,,R-10,True
SYN-00029,Homme,Licence,5.9,Défavorable,Favorable,Visible,Favorable,Non,Favorable,2026-01-12,,R-26,True
SYN-00030,Femme,Master,1.3,Favorable,Favorable,Masquée,Favorable,Non,Favorable,2026-03-25,,R-04,True
SYN-00031,Femme,Licence,6.4,Défavorable,Défavorable,Visible,Défavorable,Non,Défavorable,2026-04-28,,R-29,True
SYN-00032,Femme,Licence,9.3,Favorable,Favorable,Masquée,Favorable,Non,Favorable,2026-04-28,,R-10,True
SYN-00033,Femme,Licence,8.9,Favorable,Favorable,Visible,Favorable,Non,Favorable,2026-03-07,,R-23,True
SYN-00034,Homme,Master,1.8,Favorable,Favorable,Masquée,Défavorable,Oui,Favorable,2026-03-18,2026-04-18,R-13,True
SYN-00035,Homme,Licence,2.5,Défavorable,Défavorable,Masquée,Favorable,Non,Favorable,2026-03-19,,R-30,True
SYN-00036,Homme,Bac+2,1.4,Défavorable,Défavorable,Masquée,Défavorable,Non,Défavorable,2026-04-10,,R-13,True
SYN-00037,Femme,Bac+2,1.2,Défavorable,Défavorable,Masquée,Favorable,Non,Favorable,2026-02-02,,R-02,True
SYN-00038,Femme,Licence,8.9,Favorable,Favorable,Masquée,Favorable,Non,Favorable,2026-04-15,,R-25,True
SYN-00039,Homme,Licence,9.2,Favorable,Favorable,Visible,Favorable,Non,Favorable,2026-04-02,,R-03,True
SYN-00040,Homme,Bac+2,1.7,Favorable,Favorable,Visible,Défavorable,Non,Défavorable,2026-04-13,,R-27,True
SYN-00041,Homme,Master,1.1,Défavorable,Défavorable,Visible,Défavorable,Oui,Défavorable,2026-02-22,2026-03-24,R-06,True
SYN-00042,Homme,Bac+2,4.5,Favorable,Favorable,Masquée,Favorable,Non,Favorable,2026-02-05,,R-25,True
SYN-00043,Femme,Bac+2,3.8,Favorable,Défavorable,Masquée,Favorable,Non,Favorable,2026-02-01,,R-02,True
SYN-00044,Femme,Master,1.7,Favorable,Favorable,Visible,Favorable,Non,Favorable,2026-01-25,,R-28,True
SYN-00045,Femme,Bac+2,2.9,Défavorable,Défavorable,Masquée,Favorable,Non,Favorable,2026-03-08,,R-15,True
SYN-00046,Femme,Bac+2,5.1,Favorable,Favorable,Visible,Favorable,Non,Favorable,2026-03-02,,R-01,True
SYN-00047,Homme,Master,11.3,Favorable,Favorable,Visible,Défavorable,Oui,Favorable,2026-03-06,2026-03-23,R-02,True
SYN-00048,Homme,Licence,14.4,Favorable,Favorable,Masquée,Favorable,Non,Favorable,2026-02-07,,R-19,True
SYN-00049,Femme,Licence,13.6,Favorable,Défavorable,Visible,Défavorable,Non,Défavorable,2026-04-11,,R-29,True
SYN-00050,Homme,Licence,11.7,Favorable,Favorable,Masquée,Favorable,Non,Favorable,2026-03-17,,R-28,True
SYN-00051,Femme,Licence,7.0,Favorable,Favorable,Visible,Favorable,Non,Favorable,2026-04-06,,R-25,True
SYN-00052,Homme,Master,15.9,Favorable,Favorable,Masquée,Défavorable,Non,Défavorable,2026-02-06,,R-01,True
SYN-00053,Femme,Licence,0.6,Favorable,Favorable,Masquée,Favorable,Non,Favorable,2026-03-27,,R-12,True
SYN-00054,Femme,Licence,7.9,Favorable,Favorable,Masquée,Défavorable,Non,Défavorable,2026-01-06,,R-12,True
SYN-00055,Femme,Licence,5.5,Défavorable,Défavorable,Masquée,Favorable,Non,Favorable,2026-03-13,,R-29,True
SYN-00056,Homme,Master,0.8,Favorable,Favorable,Masquée,Favorable,Non,Favorable,2026-04-24,,R-30,True
SYN-00057,Femme,Licence,1.9,Défavorable,Défavorable,Visible,Défavorable,Oui,Défavorable,2026-02-25,2026-03-19,R-06,True
SYN-00058,Homme,Bac+2,14.3,Favorable,Favorable,Masquée,Défavorable,Oui,Favorable,2026-04-27,2026-05-11,R-24,True
SYN-00059,Homme,Master,4.3,Favorable,Favorable,Masquée,Défavorable,Oui,Favorable,2026-03-31,2026-04-07,R-08,True
SYN-00060,Femme,Master,6.3,Favorable,Défavorable,Masquée,Défavorable,Non,Défavorable,2026-02-20,,R-13,True
SYN-00061,Femme,Licence,10.4,Défavorable,Défavorable,Visible,Défavorable,Non,Défavorable,2026-03-29,,R-15,True
SYN-00062,Femme,Licence,1.8,Favorable,Défavorable,Visible,Défavorable,Non,Défavorable,2026-04-08,,R-03,True
SYN-00063,Homme,Master,3.7,Favorable,Défavorable,Visible,Défavorable,Non,Défavorable,2026-04-21,,R-07,True
SYN-00064,Femme,Licence,4.2,Favorable,Favorable,Masquée,Défavorable,Oui,Favorable,2026-03-03,2026-04-13,R-04,True
SYN-00065,Homme,Licence,2.2,Défavorable,Défavorable,Masquée,Favorable,Non,Favorable,2026-02-21,,R-22,True
SYN-00066,Femme,Master,3.9,Favorable,Défavorable,Masquée,Favorable,Non,Favorable,2026-02-07,,R-09,True
SYN-00067,Femme,Licence,2.5,Défavorable,Défavorable,Visible,Défavorable,Non,Défavorable,2026-01-28,,R-23,True
SYN-00068,Homme,Bac+2,3.9,Défavorable,Favorable,Masquée,Défavorable,Non,Défavorable,2026-01-11,,R-10,True
SYN-00069,Femme,Bac+2,2.9,Favorable,Favorable,Masquée,Favorable,Non,Favorable,2026-02-19,,R-27,True
SYN-00070,Homme,Master,3.9,Défavorable,Favorable,Masquée,Défavorable,Oui,Défavorable,2026-04-02,2026-04-11,R-11,True
SYN-00071,Homme,Master,1.4,Défavorable,Favorable,Masquée,Défavorable,Non,Défavorable,2026-02-20,,R-25,True
SYN-00072,Homme,Bac+2,1.3,Défavorable,Défavorable,Masquée,Défavorable,Oui,Défavorable,2026-01-28,2026-03-01,R-13,True
SYN-00073,Homme,Master,6.2,Favorable,Favorable,Visible,Favorable,Non,Favorable,2026-02-28,,R-02,True
SYN-00074,Homme,Master,4.1,Défavorable,Défavorable,Visible,Favorable,Non,Favorable,2026-01-03,,R-11,True
SYN-00075,Femme,Licence,1.9,Défavorable,Défavorable,Visible,Défavorable,Non,Défavorable,2026-03-09,,R-22,True
SYN-00076,Femme,Licence,2.7,Favorable,Défavorable,Visible,Défavorable,Non,Défavorable,2026-02-16,,R-06,True
SYN-00077,Homme,Licence,3.1,Favorable,Favorable,Masquée,Favorable,Non,Favorable,2026-04-30,,R-24,True
SYN-00078,Homme,Licence,2.8,Favorable,Défavorable,Masquée,Favorable,Non,Favorable,2026-04-30,,R-21,True
SYN-00079,Femme,Licence,3.3,Favorable,Défavorable,Visible,Défavorable,Non,Défavorable,2026-01-04,,R-01,True
SYN-00080,Homme,Licence,5.0,Favorable,Favorable,Masquée,Favorable,Non,Favorable,2026-02-23,,R-13,True
SYN-00081,Homme,Licence,9.0,Favorable,Favorable,Masquée,Favorable,Non,Favorable,2026-03-05,,R-01,True
SYN-00082,Homme,Licence,1.0,Favorable,Favorable,Visible,Favorable,Non,Favorable,2026-01-15,,R-04,True
SYN-00083,Homme,Bac+2,7.5,Défavorable,Défavorable,Visible,Défavorable,Non,Défavorable,2026-01-28,,R-08,True
SYN-00084,Femme,Licence,8.5,Défavorable,Défavorable,Masquée,Défavorable,Non,Défavorable,2026-03-26,,R-15,True
SYN-00085,Homme,Bac+2,4.1,Favorable,Défavorable,Visible,Favorable,Non,Favorable,2026-03-20,,R-23,True
SYN-00086,Homme,Bac+2,6.4,Défavorable,Défavorable,Visible,Favorable,Non,Favorable,2026-02-13,,R-29,True
SYN-00087,Homme,Licence,4.8,Favorable,Favorable,Visible,Défavorable,Non,Défavorable,2026-01-29,,R-18,True
SYN-00088,Homme,Master,3.9,Défavorable,Favorable,Masquée,Favorable,Non,Favorable,2026-04-21,,R-17,True
SYN-00089,Homme,Master,0.8,Défavorable,Favorable,Masquée,Favorable,Non,Favorable,2026-02-17,,R-17,True
SYN-00090,Femme,Licence,4.3,Défavorable,Défavorable,Visible,Défavorable,Non,Défavorable,2026-02-06,,R-08,True
SYN-00091,Femme,Master,5.5,Favorable,Favorable,Masquée,Favorable,Non,Favorable,2026-04-04,,R-03,True
SYN-00092,Femme,Master,1.3,Défavorable,Défavorable,Masquée,Favorable,Non,Favorable,2026-04-04,,R-28,True
SYN-00093,Femme,Licence,2.0,Défavorable,Défavorable,Visible,Défavorable,Non,Défavorable,2026-03-02,,R-17,True
SYN-00094,Femme,Master,17.4,Favorable,Favorable,Masquée,Défavorable,Non,Défavorable,2026-04-15,,R-28,True
SYN-00095,Homme,Master,6.2,Défavorable,Favorable,Masquée,Favorable,Non,Favorable,2026-03-12,,R-02,True
SYN-00096,Femme,Master,4.7,Favorable,Défavorable,Masquée,Favorable,Non,Favorable,2026-04-30,,R-21,True
SYN-00097,Homme,Licence,8.8,Défavorable,Favorable,Masquée,Favorable,Non,Favorable,2026-02-21,,R-05,True
SYN-00098,Homme,Licence,5.5,Défavorable,Favorable,Masquée,Défavorable,Non,Défavorable,2026-02-28,,R-04,True
SYN-00099,Homme,Master,4.8,Défavorable,Favorable,Visible,Favorable,Non,Favorable,2026-04-25,,R-16,True
SYN-00100,Homme,Bac+2,2.3,Défavorable,Défavorable,Visible,Défavorable,Oui,Défavorable,2026-01-27,2026-03-05,R-06,True
SYN-00101,Femme,Licence,7.7,Favorable,Favorable,Visible,Favorable,Non,Favorable,2026-02-25,,R-16,True
SYN-00102,Femme,Master,18.0,Favorable,Favorable,Visible,Favorable,Non,Favorable,2026-01-21,,R-11,True
SYN-00103,Femme,Licence,7.6,Défavorable,Favorable,Masquée,Défavorable,Non,Défavorable,2026-02-22,,R-22,True
SYN-00104,Femme,Bac+2,3.0,Favorable,Défavorable,Masquée,Favorable,Non,Favorable,2026-01-26,,R-15,True
SYN-00105,Femme,Licence,3.2,Défavorable,Défavorable,Visible,Défavorable,Non,Défavorable,2026-02-28,,R-15,True
SYN-00106,Homme,Licence,4.4,Favorable,Favorable,Visible,Favorable,Non,Favorable,2026-01-05,,R-16,True
SYN-00107,Homme,Licence,10.5,Favorable,Favorable,Masquée,Défavorable,Oui,Favorable,2026-02-16,2026-03-31,R-23,True
SYN-00108,Femme,Bac+2,6.8,Favorable,Défavorable,Visible,Défavorable,Oui,Favorable,2026-01-12,2026-01-21,R-24,True
SYN-00109,Femme,Licence,3.7,Favorable,Défavorable,Visible,Défavorable,Non,Défavorable,2026-03-29,,R-23,True
SYN-00110,Femme,Licence,16.3,Favorable,Défavorable,Masquée,Défavorable,Non,Défavorable,2026-01-29,,R-07,True
SYN-00111,Homme,Licence,6.7,Défavorable,Favorable,Masquée,Favorable,Non,Favorable,2026-03-07,,R-08,True
SYN-00112,Homme,Bac+2,3.8,Défavorable,Défavorable,Visible,Défavorable,Non,Défavorable,2026-04-20,,R-18,True
SYN-00113,Femme,Licence,4.4,Favorable,Favorable,Masquée,Favorable,Non,Favorable,2026-04-30,,R-24,True
SYN-00114,Homme,Bac+2,14.4,Favorable,Défavorable,Visible,Défavorable,Oui,Favorable,2026-03-14,2026-03-22,R-18,True
SYN-00115,Homme,Master,5.5,Favorable,Favorable,Visible,Favorable,Non,Favorable,2026-04-10,,R-04,True
SYN-00116,Femme,Licence,3.8,Défavorable,Défavorable,Visible,Défavorable,Non,Défavorable,2026-01-04,,R-04,True
SYN-00117,Femme,Licence,2.4,Défavorable,Défavorable,Masquée,Défavorable,Non,Défavorable,2026-03-27,,R-08,True
SYN-00118,Femme,Licence,1.4,Défavorable,Défavorable,Masquée,Favorable,Non,Favorable,2026-02-06,,R-15,True
SYN-00119,Femme,Licence,5.3,Défavorable,Défavorable,Masquée,Favorable,Non,Favorable,2026-01-27,,R-30,True
SYN-00120,Femme,Master,1.6,Défavorable,Favorable,Visible,Favorable,Non,Favorable,2026-03-20,,R-18,True
SYN-00121,Femme,Bac+2,3.4,Défavorable,Défavorable,Visible,Défavorable,Non,Défavorable,2026-04-19,,R-19,True
SYN-00122,Femme,Master,2.1,Favorable,Favorable,Visible,Favorable,Non,Favorable,2026-01-09,,R-15,True
SYN-00123,Femme,Licence,8.5,Favorable,Favorable,Masquée,Favorable,Non,Favorable,2026-04-08,,R-02,True
SYN-00124,Femme,Master,7.1,Défavorable,Défavorable,Masquée,Défavorable,Non,Défavorable,2026-01-11,,R-01,True
SYN-00125,Femme,Licence,2.5,Favorable,Défavorable,Masquée,Défavorable,Non,Défavorable,2026-03-15,,R-25,True
SYN-00126,Femme,Bac+2,16.6,Favorable,Favorable,Visible,Favorable,Non,Favorable,2026-01-23,,R-23,True
SYN-00127,Homme,Bac+2,5.9,Favorable,Défavorable,Visible,Défavorable,Non,Défavorable,2026-02-10,,R-03,True
SYN-00128,Femme,Master,10.2,Favorable,Favorable,Visible,Favorable,Non,Favorable,2026-01-05,,R-15,True
SYN-00129,Homme,Master,1.0,Défavorable,Favorable,Masquée,Défavorable,Oui,Défavorable,2026-04-05,2026-05-04,R-23,True
SYN-00130,Femme,Licence,14.6,Défavorable,Favorable,Visible,Favorable,Non,Favorable,2026-02-18,,R-04,True
SYN-00131,Homme,Master,3.6,Défavorable,Favorable,Visible,Favorable,Non,Favorable,2026-01-09,,R-21,True
SYN-00132,Femme,Licence,2.4,Défavorable,Défavorable,Visible,Défavorable,Non,Défavorable,2026-01-13,,R-09,True
SYN-00133,Homme,Licence,4.4,Défavorable,Défavorable,Masquée,Favorable,Non,Favorable,2026-02-16,,R-14,True
SYN-00134,Homme,Licence,3.1,Défavorable,Défavorable,Visible,Défavorable,Non,Défavorable,2026-04-27,,R-26,True
SYN-00135,Femme,Licence,3.9,Défavorable,Favorable,Masquée,Favorable,Non,Favorable,2026-03-25,,R-28,True
SYN-00136,Femme,Licence,11.2,Favorable,Favorable,Masquée,Favorable,Non,Favorable,2026-02-05,,R-04,True
SYN-00137,Femme,Licence,4.8,Défavorable,Défavorable,Masquée,Défavorable,Non,Défavorable,2026-03-07,,R-18,True
SYN-00138,Homme,Licence,6.5,Favorable,Favorable,Masquée,Favorable,Non,Favorable,2026-01-25,,R-29,True
SYN-00139,Homme,Master,3.8,Favorable,Favorable,Masquée,Favorable,Non,Favorable,2026-03-31,,R-26,True
SYN-00140,Homme,Licence,3.9,Défavorable,Favorable,Masquée,Favorable,Non,Favorable,2026-04-08,,R-07,True
SYN-00141,Femme,Licence,14.8,Favorable,Favorable,Masquée,Favorable,Non,Favorable,2026-03-04,,R-01,True
SYN-00142,Homme,Licence,4.9,Favorable,Défavorable,Visible,Défavorable,Oui,Favorable,2026-03-13,2026-04-19,R-03,True
SYN-00143,Homme,Bac+2,3.7,Défavorable,Défavorable,Visible,Défavorable,Oui,Défavorable,2026-01-20,2026-02-14,R-17,True
SYN-00144,Homme,Master,5.2,Favorable,Favorable,Visible,Favorable,Non,Favorable,2026-01-08,,R-04,True
SYN-00145,Homme,Bac+2,14.8,Favorable,Favorable,Masquée,Favorable,Non,Favorable,2026-04-06,,R-16,True
SYN-00146,Homme,Licence,9.1,Défavorable,Favorable,Visible,Défavorable,Oui,Défavorable,2026-01-09,2026-02-12,R-09,True
SYN-00147,Homme,Licence,3.5,Favorable,Favorable,Visible,Favorable,Non,Favorable,2026-04-20,,R-15,True
SYN-00148,Homme,Licence,6.4,Favorable,Favorable,Masquée,Favorable,Non,Favorable,2026-02-05,,R-26,True
SYN-00149,Femme,Licence,5.2,Favorable,Favorable,Visible,Défavorable,Non,Défavorable,2026-01-09,,R-04,True
SYN-00150,Femme,Bac+2,1.8,Favorable,Favorable,Visible,Favorable,Non,Favorable,2026-03-08,,R-30,True
SYN-00151,Femme,Master,7.3,Favorable,Favorable,Masquée,Favorable,Non,Favorable,2026-03-15,,R-02,True
SYN-00152,Femme,Bac+2,13.7,Favorable,Favorable,Masquée,Favorable,Non,Favorable,2026-01-16,,R-06,True
SYN-00153,Homme,Master,2.2,Défavorable,Défavorable,Visible,Défavorable,Oui,Défavorable,2026-04-26,2026-06-01,R-15,True
SYN-00154,Homme,Bac+2,5.9,Défavorable,Favorable,Masquée,Favorable,Non,Favorable,2026-03-25,,R-03,True
SYN-00155,Homme,Licence,12.3,Défavorable,Défavorable,Masquée,Favorable,Non,Favorable,2026-03-18,,R-21,True
SYN-00156,Homme,Licence,8.1,Favorable,Favorable,Visible,Favorable,Non,Favorable,2026-02-17,,R-30,True
SYN-00157,Homme,Master,6.0,Favorable,Défavorable,Masquée,Favorable,Non,Favorable,2026-01-31,,R-23,True
SYN-00158,Homme,Licence,3.0,Défavorable,Favorable,Visible,Favorable,Non,Favorable,2026-02-28,,R-19,True
SYN-00159,Homme,Licence,5.0,Défavorable,Défavorable,Visible,Défavorable,Oui,Défavorable,2026-04-16,2026-05-02,R-23,True
SYN-00160,Homme,Licence,7.9,Favorable,Favorable,Visible,Favorable,Non,Favorable,2026-02-25,,R-16,True
SYN-00161,Homme,Bac+2,5.2,Défavorable,Défavorable,Visible,Défavorable,Oui,Défavorable,2026-04-20,2026-05-24,R-29,True
SYN-00162,Homme,Bac+2,3.5,Favorable,Favorable,Visible,Défavorable,Non,Défavorable,2026-03-27,,R-12,True
SYN-00163,Femme,Licence,10.9,Défavorable,Favorable,Visible,Favorable,Non,Favorable,2026-03-02,,R-21,True
SYN-00164,Femme,Licence,4.4,Défavorable,Défavorable,Visible,Défavorable,Oui,Défavorable,2026-01-29,2026-03-10,R-09,True
SYN-00165,Homme,Bac+2,12.2,Défavorable,Défavorable,Masquée,Défavorable,Oui,Défavorable,2026-04-06,2026-05-01,R-29,True
SYN-00166,Femme,Master,5.1,Favorable,Favorable,Visible,Favorable,Non,Favorable,2026-04-01,,R-06,True
SYN-00167,Femme,Licence,8.3,Favorable,Défavorable,Visible,Défavorable,Non,Défavorable,2026-01-14,,R-07,True
SYN-00168,Femme,Master,9.5,Favorable,Favorable,Masquée,Favorable,Non,Favorable,2026-01-05,,R-23,True
SYN-00169,Homme,Licence,1.8,Défavorable,Défavorable,Visible,Défavorable,Oui,Défavorable,2026-01-31,2026-03-13,R-24,True
SYN-00170,Homme,Bac+2,5.0,Défavorable,Défavorable,Visible,Défavorable,Oui,Défavorable,2026-01-25,2026-02-21,R-17,True
SYN-00171,Femme,Licence,2.8,Défavorable,Favorable,Masquée,Favorable,Non,Favorable,2026-03-15,,R-02,True
SYN-00172,Homme,Master,6.9,Favorable,Favorable,Masquée,Favorable,Non,Favorable,2026-02-23,,R-08,True
SYN-00173,Homme,Master,7.8,Favorable,Favorable,Masquée,Défavorable,Oui,Favorable,2026-03-13,2026-03-19,R-12,True
SYN-00174,Homme,Bac+2,4.2,Défavorable,Favorable,Masquée,Favorable,Non,Favorable,2026-03-19,,R-02,True
SYN-00175,Femme,Licence,8.8,Défavorable,Défavorable,Masquée,Favorable,Non,Favorable,2026-03-22,,R-10,True
SYN-00176,Femme,Licence,5.2,Défavorable,Défavorable,Visible,Défavorable,Oui,Défavorable,2026-01-12,2026-01-31,R-13,True
SYN-00177,Femme,Master,2.5,Favorable,Favorable,Visible,Favorable,Non,Favorable,2026-02-11,,R-10,True
SYN-00178,Homme,Bac+2,1.7,Défavorable,Défavorable,Visible,Défavorable,Non,Défavorable,2026-03-20,,R-18,True
SYN-00179,Homme,Bac+2,3.9,Favorable,Défavorable,Visible,Défavorable,Oui,Favorable,2026-04-06,2026-04-24,R-04,True
SYN-00180,Homme,Master,9.5,Favorable,Favorable,Masquée,Défavorable,Oui,Défavorable,2026-03-04,2026-04-11,R-10,True
SYN-00181,Homme,Licence,13.6,Favorable,Favorable,Visible,Favorable,Non,Favorable,2026-03-24,,R-02,True
SYN-00182,Femme,Bac+2,3.5,Favorable,Défavorable,Visible,Défavorable,Non,Défavorable,2026-02-14,,R-23,True
SYN-00183,Femme,Master,6.5,Favorable,Favorable,Visible,Favorable,Non,Favorable,2026-02-12,,R-23,True
SYN-00184,Homme,Licence,5.9,Favorable,Défavorable,Masquée,Favorable,Non,Favorable,2026-01-04,,R-24,True
SYN-00185,Femme,Licence,3.3,Défavorable,Défavorable,Visible,Défavorable,Non,Défavorable,2026-03-13,,R-26,True
SYN-00186,Femme,Licence,8.4,Favorable,Favorable,Masquée,Défavorable,Non,Défavorable,2026-01-14,,R-18,True
SYN-00187,Femme,Bac+2,10.4,Favorable,Défavorable,Visible,Défavorable,Oui,Défavorable,2026-04-07,2026-05-04,R-08,True
SYN-00188,Femme,Licence,8.0,Favorable,Favorable,Visible,Favorable,Non,Favorable,2026-03-04,,R-09,True
SYN-00189,Homme,Master,2.0,Défavorable,Défavorable,Masquée,Défavorable,Oui,Défavorable,2026-01-14,2026-01-30,R-26,True
SYN-00190,Homme,Licence,4.7,Favorable,Défavorable,Masquée,Défavorable,Oui,Favorable,2026-02-08,2026-02-25,R-21,True
SYN-00191,Femme,Bac+2,8.8,Favorable,Défavorable,Visible,Défavorable,Oui,Défavorable,2026-03-16,2026-04-30,R-01,True
SYN-00192,Femme,Licence,10.7,Défavorable,Favorable,Masquée,Favorable,Non,Favorable,2026-04-07,,R-07,True
SYN-00193,Femme,Master,3.9,Favorable,Favorable,Visible,Favorable,Non,Favorable,2026-01-28,,R-05,True
SYN-00194,Femme,Bac+2,3.2,Défavorable,Défavorable,Visible,Défavorable,Non,Défavorable,2026-03-10,,R-04,True
SYN-00195,Homme,Bac+2,3.3,Favorable,Défavorable,Visible,Défavorable,Oui,Favorable,2026-04-02,2026-04-09,R-18,True
SYN-00196,Femme,Licence,6.3,Favorable,Favorable,Masquée,Défavorable,Oui,Défavorable,2026-01-08,2026-01-19,R-13,True
SYN-00197,Homme,Master,7.8,Favorable,Favorable,Masquée,Favorable,Non,Favorable,2026-04-26,,R-05,True
SYN-00198,Homme,Licence,8.9,Défavorable,Défavorable,Visible,Défavorable,Non,Défavorable,2026-02-10,,R-26,True
SYN-00199,Homme,Master,0.7,Favorable,Favorable,Visible,Favorable,Non,Favorable,2026-03-15,,R-10,True
SYN-00200,Femme,Licence,0.4,Défavorable,Défavorable,Visible,Défavorable,Non,Défavorable,2026-03-19,,R-14,True
SYN-00201,Femme,Licence,9.0,Favorable,Favorable,Visible,Favorable,Non,Favorable,2026-02-14,,R-24,True
SYN-00202,Homme,Master,0.6,Favorable,Favorable,Visible,Défavorable,Non,Défavorable,2026-04-01,,R-05,True
SYN-00203,Femme,Licence,0.9,Favorable,Favorable,Masquée,Favorable,Non,Favorable,2026-03-23,,R-14,True
SYN-00204,Homme,Master,4.8,Défavorable,Défavorable,Masquée,Défavorable,Oui,Défavorable,2026-03-29,2026-04-10,R-11,True
SYN-00205,Femme,Licence,5.0,Favorable,Défavorable,Masquée,Favorable,Non,Favorable,2026-04-04,,R-18,True
SYN-00206,Homme,Bac+2,0.3,Favorable,Favorable,Masquée,Favorable,Non,Favorable,2026-03-07,,R-13,True
SYN-00207,Homme,Bac+2,1.9,Favorable,Défavorable,Visible,Défavorable,Non,Défavorable,2026-01-21,,R-28,True
SYN-00208,Homme,Bac+2,18.0,Défavorable,Favorable,Masquée,Défavorable,Non,Défavorable,2026-02-18,,R-23,True
SYN-00209,Femme,Licence,4.4,Défavorable,Favorable,Masquée,Favorable,Non,Favorable,2026-02-15,,R-29,True
SYN-00210,Homme,Licence,3.2,Défavorable,Défavorable,Masquée,Favorable,Non,Favorable,2026-03-29,,R-30,True
SYN-00211,Femme,Bac+2,11.2,Favorable,Défavorable,Visible,Défavorable,Oui,Favorable,2026-02-06,2026-03-20,R-05,True
SYN-00212,Femme,Bac+2,2.9,Favorable,Défavorable,Visible,Défavorable,Non,Défavorable,2026-02-05,,R-04,True
SYN-00213,Homme,Master,4.3,Favorable,Défavorable,Visible,Défavorable,Oui,Favorable,2026-04-29,2026-06-03,R-10,True
SYN-00214,Femme,Master,4.2,Favorable,Favorable,Visible,Favorable,Non,Favorable,2026-01-17,,R-29,True
SYN-00215,Femme,Bac+2,7.2,Favorable,Défavorable,Masquée,Défavorable,Non,Défavorable,2026-01-15,,R-28,True
SYN-00216,Homme,Licence,3.3,Favorable,Défavorable,Visible,Défavorable,Non,Défavorable,2026-02-06,,R-11,True
SYN-00217,Femme,Master,3.2,Favorable,Favorable,Visible,Favorable,Non,Favorable,2026-01-27,,R-16,True
SYN-00218,Femme,Master,4.7,Favorable,Favorable,Masquée,Favorable,Non,Favorable,2026-02-01,,R-21,True
SYN-00219,Femme,Licence,0.3,Favorable,Défavorable,Visible,Défavorable,Non,Défavorable,2026-04-03,,R-05,True
SYN-00220,Femme,Bac+2,0.9,Défavorable,Défavorable,Visible,Défavorable,Non,Défavorable,2026-01-27,,R-16,True
SYN-00221,Femme,Bac+2,9.8,Favorable,Défavorable,Visible,Défavorable,Non,Défavorable,2026-03-17,,R-01,True
SYN-00222,Femme,Master,0.1,Défavorable,Défavorable,Masquée,Favorable,Non,Favorable,2026-02-26,,R-25,True
SYN-00223,Homme,Licence,6.2,Défavorable,Favorable,Masquée,Défavorable,Non,Défavorable,2026-02-16,,R-08,True
SYN-00224,Femme,Master,11.4,Favorable,Favorable,Visible,Favorable,Non,Favorable,2026-01-28,,R-15,True
SYN-00225,Homme,Master,4.7,Défavorable,Favorable,Visible,Défavorable,Non,Défavorable,2026-01-26,,R-27,True
SYN-00226,Femme,Bac+2,10.8,Défavorable,Défavorable,Masquée,Défavorable,Non,Défavorable,2026-02-28,,R-03,True
SYN-00227,Homme,Licence,3.5,Défavorable,Favorable,Visible,Favorable,Non,Favorable,2026-01-23,,R-03,True
SYN-00228,Femme,Master,1.4,Favorable,Favorable,Visible,Favorable,Non,Favorable,2026-03-15,,R-28,True
SYN-00229,Homme,Bac+2,3.0,Défavorable,Défavorable,Masquée,Favorable,Non,Favorable,2026-02-20,,R-21,True
SYN-00230,Femme,Bac+2,3.7,Favorable,Défavorable,Visible,Défavorable,Non,Défavorable,2026-04-30,,R-15,True
SYN-00231,Femme,Bac+2,1.5,Favorable,Favorable,Masquée,Défavorable,Non,Défavorable,2026-02-24,,R-25,True
SYN-00232,Homme,Licence,5.4,Favorable,Favorable,Visible,Favorable,Non,Favorable,2026-04-30,,R-23,True
SYN-00233,Homme,Bac+2,5.3,Favorable,Défavorable,Visible,Défavorable,Non,Défavorable,2026-03-01,,R-26,True
SYN-00234,Homme,Bac+2,6.5,Favorable,Favorable,Masquée,Favorable,Non,Favorable,2026-03-14,,R-25,True
SYN-00235,Homme,Master,6.0,Défavorable,Favorable,Masquée,Défavorable,Non,Défavorable,2026-02-15,,R-01,True
SYN-00236,Homme,Master,5.3,Défavorable,Favorable,Visible,Favorable,Non,Favorable,2026-02-28,,R-26,True
SYN-00237,Femme,Bac+2,4.9,Favorable,Favorable,Masquée,Défavorable,Non,Défavorable,2026-03-15,,R-30,True
SYN-00238,Femme,Bac+2,5.0,Favorable,Favorable,Masquée,Favorable,Non,Favorable,2026-03-27,,R-10,True
SYN-00239,Femme,Bac+2,3.3,Favorable,Favorable,Visible,Favorable,Non,Favorable,2026-03-19,,R-12,True
SYN-00240,Homme,Master,5.9,Défavorable,Favorable,Masquée,Défavorable,Oui,Défavorable,2026-01-07,2026-01-17,R-12,True
SYN-00241,Femme,Master,3.2,Favorable,Défavorable,Visible,Défavorable,Non,Défavorable,2026-04-25,,R-04,True
SYN-00242,Homme,Master,3.6,Favorable,Favorable,Masquée,Favorable,Non,Favorable,2026-02-19,,R-28,True
SYN-00243,Homme,Master,3.4,Défavorable,Défavorable,Masquée,Favorable,Non,Favorable,2026-01-28,,R-23,True
SYN-00244,Homme,Licence,8.6,Défavorable,Favorable,Visible,Favorable,Non,Favorable,2026-02-26,,R-22,True
SYN-00245,Homme,Licence,4.6,Défavorable,Défavorable,Masquée,Favorable,Non,Favorable,2026-04-06,,R-02,True
SYN-00246,Homme,Master,2.3,Favorable,Favorable,Masquée,Défavorable,Oui,Défavorable,2026-04-10,2026-05-18,R-04,True
SYN-00247,Femme,Bac+2,3.4,Favorable,Défavorable,Masquée,Favorable,Non,Favorable,2026-01-31,,R-16,True
SYN-00248,Femme,Licence,2.1,Favorable,Favorable,Visible,Favorable,Non,Favorable,2026-02-25,,R-29,True
SYN-00249,Femme,Bac+2,2.1,Favorable,Défavorable,Visible,Défavorable,Non,Défavorable,2026-02-01,,R-27,True
SYN-00250,Femme,Master,8.9,Défavorable,Défavorable,Visible,Défavorable,Oui,Favorable,2026-02-21,2026-03-17,R-30,True
SYN-00251,Homme,Licence,6.8,Favorable,Favorable,Masquée,Favorable,Non,Favorable,2026-01-01,,R-01,True
SYN-00252,Femme,Master,1.1,Défavorable,Favorable,Masquée,Favorable,Non,Favorable,2026-02-19,,R-15,True
SYN-00253,Homme,Bac+2,6.2,Favorable,Défavorable,Masquée,Favorable,Non,Favorable,2026-04-24,,R-12,True
SYN-00254,Femme,Bac+2,4.8,Défavorable,Défavorable,Masquée,Défavorable,Non,Défavorable,2026-03-05,,R-08,True
SYN-00255,Femme,Licence,4.1,Favorable,Défavorable,Masquée,Défavorable,Oui,Défavorable,2026-02-09,2026-03-16,R-09,True
SYN-00256,Femme,Licence,5.2,Défavorable,Favorable,Visible,Favorable,Non,Favorable,2026-03-18,,R-19,True
SYN-00257,Femme,Licence,6.3,Défavorable,Défavorable,Visible,Défavorable,Oui,Défavorable,2026-01-23,2026-01-30,R-17,True
SYN-00258,Homme,Master,3.7,Favorable,Favorable,Visible,Favorable,Non,Favorable,2026-03-31,,R-24,True
SYN-00259,Homme,Bac+2,6.7,Défavorable,Défavorable,Visible,Favorable,Non,Favorable,2026-04-15,,R-09,True
SYN-00260,Femme,Licence,17.5,Favorable,Favorable,Visible,Favorable,Non,Favorable,2026-03-07,,R-28,True
SYN-00261,Femme,Master,1.8,Défavorable,Défavorable,Masquée,Défavorable,Non,Défavorable,2026-02-03,,R-22,True
SYN-00262,Homme,Master,4.2,Défavorable,Favorable,Masquée,Favorable,Non,Favorable,2026-01-27,,R-14,True
SYN-00263,Homme,Bac+2,11.3,Défavorable,Défavorable,Visible,Favorable,Non,Favorable,2026-04-07,,R-17,True
SYN-00264,Femme,Master,9.6,Défavorable,Défavorable,Masquée,Défavorable,Non,Défavorable,2026-02-14,,R-04,True
SYN-00265,Homme,Licence,2.9,Défavorable,Défavorable,Visible,Favorable,Non,Favorable,2026-01-29,,R-29,True
SYN-00266,Homme,Bac+2,4.5,Favorable,Favorable,Visible,Défavorable,Oui,Favorable,2026-04-12,2026-05-14,R-17,True
SYN-00267,Femme,Bac+2,2.4,Favorable,Favorable,Masquée,Défavorable,Non,Défavorable,2026-01-30,,R-21,True
SYN-00268,Homme,Bac+2,11.7,Favorable,Défavorable,Visible,Favorable,Non,Favorable,2026-03-22,,R-13,True
SYN-00269,Femme,Bac+2,2.8,Défavorable,Défavorable,Visible,Défavorable,Oui,Défavorable,2026-04-16,2026-05-20,R-10,True
SYN-00270,Homme,Master,5.3,Favorable,Favorable,Visible,Favorable,Non,Favorable,2026-01-31,,R-04,True
SYN-00271,Homme,Licence,2.5,Favorable,Favorable,Visible,Favorable,Non,Favorable,2026-01-01,,R-27,True
SYN-00272,Femme,Bac+2,8.2,Défavorable,Défavorable,Visible,Défavorable,Oui,Défavorable,2026-01-31,2026-03-10,R-14,True
SYN-00273,Homme,Licence,6.1,Défavorable,Favorable,Visible,Favorable,Non,Favorable,2026-02-03,,R-26,True
SYN-00274,Homme,Licence,14.6,Favorable,Favorable,Visible,Favorable,Non,Favorable,2026-02-11,,R-29,True
SYN-00275,Femme,Master,3.4,Favorable,Défavorable,Masquée,Défavorable,Non,Défavorable,2026-04-02,,R-11,True
SYN-00276,Femme,Licence,2.5,Défavorable,Défavorable,Visible,Défavorable,Non,Défavorable,2026-04-28,,R-19,True
SYN-00277,Homme,Licence,2.8,Favorable,Favorable,Visible,Favorable,Non,Favorable,2026-04-18,,R-03,True
SYN-00278,Homme,Master,2.5,Défavorable,Favorable,Visible,Favorable,Non,Favorable,2026-01-20,,R-24,True
SYN-00279,Homme,Bac+2,1.0,Défavorable,Défavorable,Visible,Défavorable,Oui,Défavorable,2026-01-15,2026-01-25,R-12,True
SYN-00280,Femme,Master,8.6,Favorable,Favorable,Visible,Favorable,Non,Favorable,2026-03-08,,R-12,True
SYN-00281,Homme,Master,4.0,Défavorable,Favorable,Visible,Défavorable,Oui,Défavorable,2026-04-11,2026-05-13,R-20,True
SYN-00282,Femme,Bac+2,6.4,Favorable,Favorable,Masquée,Favorable,Non,Favorable,2026-04-07,,R-02,True
SYN-00283,Femme,Bac+2,11.1,Défavorable,Favorable,Masquée,Favorable,Non,Favorable,2026-04-12,,R-30,True
SYN-00284,Femme,Master,2.5,Favorable,Favorable,Masquée,Favorable,Non,Favorable,2026-02-07,,R-18,True
SYN-00285,Femme,Bac+2,6.9,Favorable,Défavorable,Masquée,Favorable,Non,Favorable,2026-01-26,,R-20,True
SYN-00286,Homme,Master,2.0,Défavorable,Défavorable,Visible,Favorable,Non,Favorable,2026-04-26,,R-03,True
SYN-00287,Femme,Master,4.7,Défavorable,Défavorable,Masquée,Favorable,Non,Favorable,2026-04-17,,R-16,True
SYN-00288,Femme,Master,6.0,Favorable,Favorable,Visible,Favorable,Non,Favorable,2026-02-24,,R-04,True
SYN-00289,Homme,Master,5.3,Favorable,Favorable,Visible,Favorable,Non,Favorable,2026-04-25,,R-16,True
SYN-00290,Homme,Bac+2,3.6,Défavorable,Favorable,Masquée,Défavorable,Non,Défavorable,2026-02-04,,R-19,True
SYN-00291,Homme,Bac+2,10.7,Défavorable,Favorable,Visible,Défavorable,Oui,Défavorable,2026-01-11,2026-01-17,R-25,True
SYN-00292,Femme,Master,2.4,Favorable,Favorable,Visible,Favorable,Non,Favorable,2026-04-04,,R-16,True
SYN-00293,Femme,Bac+2,5.4,Défavorable,Favorable,Visible,Favorable,Non,Favorable,2026-04-22,,R-14,True
SYN-00294,Femme,Master,2.6,Défavorable,Favorable,Visible,Favorable,Non,Favorable,2026-04-09,,R-10,True
SYN-00295,Femme,Licence,5.2,Favorable,Favorable,Masquée,Favorable,Non,Favorable,2026-04-21,,R-02,True
SYN-00296,Homme,Bac+2,13.9,Défavorable,Favorable,Visible,Favorable,Non,Favorable,2026-01-04,,R-15,True
SYN-00297,Femme,Bac+2,2.2,Défavorable,Défavorable,Masquée,Défavorable,Non,Défavorable,2026-03-16,,R-30,True
SYN-00298,Femme,Bac+2,2.5,Favorable,Favorable,Masquée,Défavorable,Oui,Défavorable,2026-03-22,2026-04-19,R-07,True
SYN-00299,Homme,Master,5.1,Défavorable,Défavorable,Visible,Défavorable,Oui,Favorable,2026-01-28,2026-02-28,R-22,True
SYN-00300,Femme,Bac+2,2.1,Défavorable,Défavorable,Visible,Défavorable,Non,Défavorable,2026-02-19,,R-11,True
SYN-00301,Homme,Master,2.6,Favorable,Favorable,Visible,Favorable,Non,Favorable,2026-01-31,,R-06,True
SYN-00302,Femme,Bac+2,11.0,Défavorable,Défavorable,Visible,Défavorable,Oui,Défavorable,2026-03-24,2026-04-07,R-23,True
SYN-00303,Femme,Bac+2,5.9,Favorable,Défavorable,Masquée,Défavorable,Oui,Favorable,2026-01-11,2026-01-19,R-22,True
SYN-00304,Femme,Bac+2,9.3,Défavorable,Favorable,Masquée,Favorable,Non,Favorable,2026-04-26,,R-30,True
SYN-00305,Homme,Licence,1.7,Défavorable,Défavorable,Visible,Favorable,Non,Favorable,2026-03-31,,R-26,True
SYN-00306,Femme,Licence,10.0,Favorable,Défavorable,Visible,Défavorable,Non,Défavorable,2026-03-05,,R-28,True
SYN-00307,Femme,Master,3.3,Favorable,Favorable,Visible,Favorable,Non,Favorable,2026-02-21,,R-04,True
SYN-00308,Femme,Bac+2,6.2,Favorable,Défavorable,Visible,Défavorable,Non,Défavorable,2026-04-28,,R-08,True
SYN-00309,Femme,Licence,0.5,Défavorable,Favorable,Masquée,Défavorable,Non,Défavorable,2026-02-02,,R-04,True
SYN-00310,Homme,Licence,8.2,Favorable,Favorable,Visible,Favorable,Non,Favorable,2026-01-01,,R-05,True
SYN-00311,Femme,Master,7.4,Défavorable,Favorable,Visible,Favorable,Non,Favorable,2026-02-09,,R-06,True
SYN-00312,Homme,Master,3.4,Favorable,Favorable,Visible,Favorable,Non,Favorable,2026-04-25,,R-26,True
SYN-00313,Femme,Licence,6.1,Favorable,Défavorable,Masquée,Favorable,Non,Favorable,2026-04-14,,R-06,True
SYN-00314,Femme,Bac+2,3.3,Défavorable,Défavorable,Masquée,Défavorable,Non,Défavorable,2026-04-12,,R-02,True
SYN-00315,Femme,Master,0.8,Favorable,Favorable,Visible,Favorable,Non,Favorable,2026-03-29,,R-12,True
SYN-00316,Femme,Licence,1.9,Défavorable,Défavorable,Visible,Défavorable,Non,Défavorable,2026-02-05,,R-04,True
SYN-00317,Femme,Licence,14.6,Favorable,Favorable,Visible,Favorable,Non,Favorable,2026-02-28,,R-13,True
SYN-00318,Femme,Bac+2,2.7,Défavorable,Défavorable,Masquée,Favorable,Non,Favorable,2026-01-23,,R-29,True
SYN-00319,Homme,Licence,8.5,Défavorable,Favorable,Masquée,Favorable,Non,Favorable,2026-02-05,,R-19,True
SYN-00320,Homme,Licence,3.4,Défavorable,Favorable,Visible,Favorable,Non,Favorable,2026-03-28,,R-08,True
SYN-00321,Homme,Master,3.4,Favorable,Favorable,Visible,Favorable,Non,Favorable,2026-03-15,,R-14,True
SYN-00322,Femme,Licence,18.0,Favorable,Favorable,Masquée,Favorable,Non,Favorable,2026-03-17,,R-07,True
SYN-00323,Femme,Bac+2,0.4,Favorable,Favorable,Masquée,Favorable,Non,Favorable,2026-01-02,,R-25,True
SYN-00324,Femme,Licence,14.6,Favorable,Favorable,Masquée,Défavorable,Non,Défavorable,2026-04-28,,R-17,True
SYN-00325,Homme,Bac+2,7.5,Défavorable,Favorable,Visible,Favorable,Non,Favorable,2026-02-06,,R-05,True
SYN-00326,Femme,Licence,3.6,Favorable,Défavorable,Visible,Défavorable,Oui,Défavorable,2026-01-24,2026-02-25,R-16,True
SYN-00327,Femme,Licence,15.4,Favorable,Favorable,Visible,Favorable,Non,Favorable,2026-01-13,,R-16,True
SYN-00328,Homme,Bac+2,3.5,Favorable,Favorable,Visible,Favorable,Non,Favorable,2026-04-24,,R-12,True
SYN-00329,Femme,Licence,8.0,Favorable,Favorable,Visible,Favorable,Non,Favorable,2026-04-07,,R-11,True
SYN-00330,Femme,Bac+2,5.5,Favorable,Favorable,Masquée,Favorable,Non,Favorable,2026-01-31,,R-29,True
SYN-00331,Femme,Licence,11.5,Favorable,Favorable,Visible,Favorable,Non,Favorable,2026-04-19,,R-09,True
SYN-00332,Homme,Licence,6.8,Favorable,Défavorable,Visible,Favorable,Non,Favorable,2026-03-01,,R-28,True
SYN-00333,Homme,Licence,3.1,Défavorable,Favorable,Masquée,Favorable,Non,Favorable,2026-03-03,,R-01,True
SYN-00334,Femme,Licence,6.7,Favorable,Favorable,Visible,Favorable,Non,Favorable,2026-02-21,,R-28,True
SYN-00335,Femme,Bac+2,2.6,Défavorable,Défavorable,Visible,Défavorable,Non,Défavorable,2026-02-12,,R-28,True
SYN-00336,Homme,Master,4.2,Favorable,Favorable,Visible,Favorable,Non,Favorable,2026-01-03,,R-22,True
SYN-00337,Femme,Bac+2,3.5,Défavorable,Défavorable,Visible,Défavorable,Non,Défavorable,2026-01-28,,R-03,True
SYN-00338,Femme,Bac+2,8.3,Défavorable,Défavorable,Visible,Défavorable,Non,Défavorable,2026-03-16,,R-25,True
SYN-00339,Femme,Bac+2,1.7,Défavorable,Défavorable,Masquée,Défavorable,Non,Défavorable,2026-02-06,,R-29,True
SYN-00340,Femme,Master,13.1,Favorable,Favorable,Visible,Favorable,Non,Favorable,2026-01-31,,R-12,True
SYN-00341,Homme,Bac+2,1.9,Favorable,Défavorable,Masquée,Favorable,Non,Favorable,2026-03-06,,R-15,True
SYN-00342,Homme,Licence,6.6,Favorable,Défavorable,Visible,Défavorable,Non,Défavorable,2026-01-28,,R-25,True
SYN-00343,Homme,Licence,5.3,Défavorable,Favorable,Masquée,Favorable,Non,Favorable,2026-04-12,,R-29,True
SYN-00344,Femme,Master,9.9,Favorable,Favorable,Masquée,Favorable,Non,Favorable,2026-01-15,,R-08,True
SYN-00345,Femme,Master,3.3,Favorable,Défavorable,Visible,Défavorable,Non,Défavorable,2026-02-21,,R-30,True
SYN-00346,Femme,Bac+2,9.5,Défavorable,Favorable,Visible,Favorable,Non,Favorable,2026-02-05,,R-07,True
SYN-00347,Femme,Master,3.4,Favorable,Favorable,Masquée,Favorable,Non,Favorable,2026-04-12,,R-25,True
SYN-00348,Femme,Licence,5.3,Défavorable,Défavorable,Visible,Défavorable,Non,Défavorable,2026-04-28,,R-03,True
SYN-00349,Femme,Master,3.3,Défavorable,Défavorable,Visible,Défavorable,Non,Défavorable,2026-03-09,,R-27,True
SYN-00350,Homme,Bac+2,7.1,Favorable,Favorable,Masquée,Favorable,Non,Favorable,2026-01-15,,R-05,True
SYN-00351,Femme,Licence,0.9,Défavorable,Défavorable,Visible,Défavorable,Non,Défavorable,2026-04-20,,R-09,True
SYN-00352,Femme,Master,4.9,Favorable,Favorable,Visible,Favorable,Non,Favorable,2026-04-08,,R-30,True
SYN-00353,Homme,Bac+2,10.7,Défavorable,Défavorable,Visible,Défavorable,Non,Défavorable,2026-02-13,,R-21,True
SYN-00354,Femme,Master,2.9,Favorable,Défavorable,Visible,Défavorable,Non,Défavorable,2026-02-20,,R-13,True
SYN-00355,Femme,Bac+2,7.1,Favorable,Favorable,Visible,Favorable,Non,Favorable,2026-01-15,,R-20,True
SYN-00356,Homme,Licence,12.6,Favorable,Favorable,Masquée,Favorable,Non,Favorable,2026-02-23,,R-28,True
SYN-00357,Homme,Master,11.6,Favorable,Favorable,Masquée,Favorable,Non,Favorable,2026-04-21,,R-12,True
SYN-00358,Femme,Licence,9.1,Favorable,Favorable,Masquée,Favorable,Non,Favorable,2026-04-22,,R-13,True
SYN-00359,Homme,Master,1.9,Défavorable,Défavorable,Visible,Défavorable,Oui,Défavorable,2026-04-22,2026-05-04,R-15,True
SYN-00360,Femme,Bac+2,5.1,Défavorable,Défavorable,Masquée,Défavorable,Non,Défavorable,2026-04-11,,R-13,True
SYN-00361,Femme,Licence,11.6,Favorable,Favorable,Visible,Favorable,Non,Favorable,2026-03-13,,R-21,True
SYN-00362,Homme,Licence,8.4,Favorable,Favorable,Visible,Favorable,Non,Favorable,2026-03-10,,R-14,True
SYN-00363,Femme,Bac+2,0.3,Défavorable,Défavorable,Visible,Défavorable,Non,Défavorable,2026-02-01,,R-01,True
SYN-00364,Femme,Master,15.5,Défavorable,Favorable,Visible,Favorable,Non,Favorable,2026-02-21,,R-15,True
SYN-00365,Femme,Bac+2,4.2,Favorable,Favorable,Visible,Favorable,Non,Favorable,2026-02-03,,R-15,True
SYN-00366,Femme,Master,7.1,Favorable,Défavorable,Visible,Défavorable,Non,Défavorable,2026-04-12,,R-12,True
SYN-00367,Homme,Licence,4.9,Favorable,Favorable,Visible,Défavorable,Non,Défavorable,2026-01-08,,R-23,True
SYN-00368,Homme,Master,7.3,Favorable,Favorable,Visible,Favorable,Non,Favorable,2026-02-10,,R-28,True
SYN-00369,Femme,Bac+2,7.5,Favorable,Défavorable,Visible,Défavorable,Oui,Défavorable,2026-04-01,2026-04-18,R-20,True
SYN-00370,Homme,Licence,6.5,Favorable,Favorable,Masquée,Favorable,Non,Favorable,2026-02-17,,R-13,True
SYN-00371,Homme,Master,3.0,Favorable,Favorable,Masquée,Défavorable,Oui,Défavorable,2026-04-14,2026-05-28,R-17,True
SYN-00372,Homme,Bac+2,3.2,Défavorable,Favorable,Masquée,Favorable,Non,Favorable,2026-04-07,,R-19,True
SYN-00373,Femme,Licence,4.7,Défavorable,Favorable,Visible,Favorable,Non,Favorable,2026-02-15,,R-02,True
SYN-00374,Homme,Licence,3.9,Favorable,Favorable,Visible,Favorable,Non,Favorable,2026-04-24,,R-18,True
SYN-00375,Femme,Bac+2,0.7,Défavorable,Favorable,Masquée,Défavorable,Non,Défavorable,2026-03-10,,R-01,True
SYN-00376,Homme,Licence,6.7,Favorable,Favorable,Visible,Favorable,Non,Favorable,2026-03-16,,R-29,True
SYN-00377,Homme,Licence,6.5,Défavorable,Défavorable,Visible,Favorable,Non,Favorable,2026-02-10,,R-15,True
SYN-00378,Homme,Master,14.7,Favorable,Favorable,Visible,Favorable,Non,Favorable,2026-03-20,,R-15,True
SYN-00379,Femme,Bac+2,14.6,Défavorable,Favorable,Masquée,Favorable,Non,Favorable,2026-01-13,,R-14,True
SYN-00380,Femme,Master,1.6,Favorable,Favorable,Visible,Favorable,Non,Favorable,2026-03-18,,R-02,True
SYN-00381,Femme,Licence,4.9,Favorable,Favorable,Visible,Favorable,Non,Favorable,2026-04-05,,R-06,True
SYN-00382,Femme,Master,3.3,Défavorable,Défavorable,Visible,Défavorable,Non,Défavorable,2026-02-19,,R-20,True
SYN-00383,Femme,Licence,3.7,Favorable,Favorable,Visible,Favorable,Non,Favorable,2026-03-27,,R-04,True
SYN-00384,Femme,Bac+2,3.6,Défavorable,Défavorable,Masquée,Défavorable,Non,Défavorable,2026-03-16,,R-04,True
SYN-00385,Femme,Master,13.5,Défavorable,Favorable,Masquée,Favorable,Non,Favorable,2026-01-04,,R-03,True
SYN-00386,Homme,Master,7.9,Favorable,Favorable,Visible,Favorable,Non,Favorable,2026-03-23,,R-09,True
SYN-00387,Homme,Licence,6.6,Favorable,Défavorable,Masquée,Défavorable,Non,Défavorable,2026-04-07,,R-24,True
SYN-00388,Femme,Licence,3.2,Favorable,Défavorable,Masquée,Défavorable,Non,Défavorable,2026-04-02,,R-26,True
SYN-00389,Homme,Master,3.7,Favorable,Favorable,Visible,Favorable,Non,Favorable,2026-04-27,,R-24,True
SYN-00390,Homme,Bac+2,5.1,Favorable,Défavorable,Masquée,Défavorable,Oui,Favorable,2026-03-30,2026-04-24,R-01,True
SYN-00391,Homme,Bac+2,4.6,Favorable,Favorable,Masquée,Défavorable,Non,Défavorable,2026-01-18,,R-02,True
SYN-00392,Femme,Master,11.9,Favorable,Favorable,Masquée,Défavorable,Oui,Défavorable,2026-03-29,2026-04-05,R-05,True
SYN-00393,Homme,Master,4.5,Défavorable,Défavorable,Visible,Défavorable,Oui,Défavorable,2026-04-04,2026-04-15,R-09,True
SYN-00394,Homme,Licence,7.8,Favorable,Défavorable,Visible,Défavorable,Oui,Favorable,2026-01-05,2026-02-03,R-12,True
SYN-00395,Femme,Master,3.8,Défavorable,Défavorable,Masquée,Défavorable,Oui,Défavorable,2026-02-10,2026-03-24,R-26,True
SYN-00396,Homme,Licence,5.9,Défavorable,Favorable,Visible,Favorable,Non,Favorable,2026-03-13,,R-02,True
SYN-00397,Homme,Licence,2.0,Défavorable,Défavorable,Masquée,Défavorable,Non,Défavorable,2026-01-24,,R-17,True
SYN-00398,Femme,Licence,9.5,Favorable,Favorable,Masquée,Favorable,Non,Favorable,2026-03-13,,R-09,True
SYN-00399,Homme,Bac+2,9.3,Favorable,Défavorable,Visible,Défavorable,Non,Défavorable,2026-02-09,,R-19,True
SYN-00400,Femme,Master,5.2,Favorable,Défavorable,Masquée,Défavorable,Non,Défavorable,2026-01-29,,R-08,True
SYN-00401,Femme,Bac+2,4.3,Défavorable,Défavorable,Visible,Défavorable,Non,Défavorable,2026-01-05,,R-10,True
SYN-00402,Homme,Bac+2,6.9,Défavorable,Favorable,Masquée,Favorable,Non,Favorable,2026-02-06,,R-28,True
SYN-00403,Homme,Master,3.9,Favorable,Favorable,Masquée,Favorable,Non,Favorable,2026-02-27,,R-06,True
SYN-00404,Homme,Licence,8.1,Favorable,Favorable,Masquée,Défavorable,Oui,Favorable,2026-01-20,2026-02-26,R-16,True
SYN-00405,Homme,Licence,14.8,Favorable,Favorable,Visible,Favorable,Non,Favorable,2026-02-04,,R-28,True
SYN-00406,Femme,Bac+2,5.4,Favorable,Favorable,Masquée,Favorable,Non,Favorable,2026-02-19,,R-15,True
SYN-00407,Femme,Master,2.6,Favorable,Favorable,Visible,Favorable,Non,Favorable,2026-01-09,,R-28,True
SYN-00408,Homme,Licence,5.8,Défavorable,Favorable,Visible,Favorable,Non,Favorable,2026-04-26,,R-11,True
SYN-00409,Homme,Licence,2.3,Défavorable,Défavorable,Visible,Défavorable,Non,Défavorable,2026-04-15,,R-01,True
SYN-00410,Homme,Licence,3.3,Favorable,Favorable,Visible,Favorable,Non,Favorable,2026-01-04,,R-28,True
SYN-00411,Homme,Master,4.7,Défavorable,Défavorable,Visible,Défavorable,Non,Défavorable,2026-03-19,,R-26,True
SYN-00412,Homme,Licence,2.2,Favorable,Favorable,Masquée,Favorable,Non,Favorable,2026-02-10,,R-16,True
SYN-00413,Femme,Master,4.4,Favorable,Défavorable,Masquée,Favorable,Non,Favorable,2026-03-18,,R-07,True
SYN-00414,Homme,Master,7.3,Favorable,Favorable,Visible,Favorable,Non,Favorable,2026-03-23,,R-04,True
SYN-00415,Femme,Bac+2,5.4,Défavorable,Défavorable,Visible,Défavorable,Non,Défavorable,2026-01-26,,R-28,True
SYN-00416,Femme,Bac+2,4.2,Défavorable,Favorable,Visible,Favorable,Non,Favorable,2026-04-18,,R-04,True
SYN-00417,Homme,Licence,2.3,Défavorable,Défavorable,Visible,Défavorable,Oui,Défavorable,2026-03-12,2026-04-26,R-25,True
SYN-00418,Femme,Licence,2.2,Défavorable,Défavorable,Masquée,Défavorable,Non,Défavorable,2026-04-30,,R-21,True
SYN-00419,Homme,Licence,11.0,Favorable,Favorable,Visible,Favorable,Non,Favorable,2026-01-18,,R-05,True
SYN-00420,Homme,Licence,7.5,Défavorable,Défavorable,Visible,Défavorable,Oui,Défavorable,2026-01-03,2026-01-08,R-18,True
SYN-00421,Femme,Master,1.9,Défavorable,Défavorable,Masquée,Favorable,Non,Favorable,2026-03-27,,R-15,True
SYN-00422,Femme,Licence,0.9,Favorable,Favorable,Visible,Favorable,Non,Favorable,2026-01-09,,R-24,True
SYN-00423,Femme,Licence,9.1,Favorable,Défavorable,Masquée,Défavorable,Oui,Favorable,2026-03-22,2026-03-30,R-30,True
SYN-00424,Homme,Licence,4.8,Favorable,Favorable,Visible,Favorable,Non,Favorable,2026-01-21,,R-15,True
SYN-00425,Homme,Bac+2,6.2,Favorable,Favorable,Visible,Favorable,Non,Favorable,2026-01-03,,R-20,True
SYN-00426,Homme,Bac+2,0.4,Défavorable,Défavorable,Visible,Défavorable,Oui,Défavorable,2026-02-21,2026-03-03,R-19,True
SYN-00427,Homme,Licence,11.3,Favorable,Favorable,Visible,Favorable,Non,Favorable,2026-04-24,,R-24,True
SYN-00428,Homme,Licence,3.1,Favorable,Défavorable,Visible,Défavorable,Oui,Défavorable,2026-01-21,2026-02-13,R-14,True
SYN-00429,Homme,Licence,5.4,Favorable,Favorable,Masquée,Favorable,Non,Favorable,2026-03-27,,R-14,True
SYN-00430,Femme,Master,3.7,Favorable,Favorable,Masquée,Défavorable,Non,Défavorable,2026-02-21,,R-30,True
SYN-00431,Femme,Bac+2,14.1,Favorable,Favorable,Masquée,Favorable,Non,Favorable,2026-04-13,,R-21,True
SYN-00432,Homme,Master,0.7,Défavorable,Défavorable,Visible,Favorable,Non,Favorable,2026-03-16,,R-01,True
SYN-00433,Homme,Bac+2,2.2,Favorable,Favorable,Masquée,Favorable,Non,Favorable,2026-02-22,,R-21,True
SYN-00434,Homme,Master,16.0,Favorable,Favorable,Masquée,Favorable,Non,Favorable,2026-03-01,,R-09,True
SYN-00435,Homme,Bac+2,4.1,Défavorable,Favorable,Visible,Défavorable,Oui,Défavorable,2026-01-28,2026-02-25,R-26,True
SYN-00436,Homme,Licence,3.3,Défavorable,Favorable,Masquée,Défavorable,Oui,Défavorable,2026-02-10,2026-03-02,R-18,True
SYN-00437,Homme,Master,9.0,Défavorable,Favorable,Visible,Favorable,Non,Favorable,2026-04-30,,R-04,True
SYN-00438,Femme,Bac+2,5.6,Favorable,Défavorable,Visible,Défavorable,Oui,Favorable,2026-03-22,2026-03-31,R-22,True
SYN-00439,Femme,Master,1.3,Défavorable,Défavorable,Visible,Défavorable,Non,Défavorable,2026-04-09,,R-01,True
SYN-00440,Homme,Bac+2,2.4,Favorable,Favorable,Visible,Défavorable,Oui,Favorable,2026-01-17,2026-01-22,R-07,True
SYN-00441,Femme,Bac+2,6.0,Favorable,Défavorable,Masquée,Favorable,Non,Favorable,2026-02-17,,R-05,True
SYN-00442,Femme,Bac+2,6.4,Favorable,Favorable,Visible,Favorable,Non,Favorable,2026-01-04,,R-14,True
SYN-00443,Homme,Master,2.6,Favorable,Favorable,Masquée,Favorable,Non,Favorable,2026-03-01,,R-28,True
SYN-00444,Homme,Bac+2,6.9,Favorable,Défavorable,Visible,Défavorable,Oui,Favorable,2026-03-01,2026-03-06,R-17,True
SYN-00445,Femme,Licence,10.3,Défavorable,Défavorable,Visible,Défavorable,Non,Défavorable,2026-03-04,,R-30,True
SYN-00446,Femme,Master,5.8,Favorable,Favorable,Masquée,Favorable,Non,Favorable,2026-01-13,,R-08,True
SYN-00447,Femme,Licence,4.8,Favorable,Défavorable,Masquée,Défavorable,Non,Défavorable,2026-01-26,,R-05,True
SYN-00448,Homme,Master,2.7,Favorable,Défavorable,Visible,Favorable,Non,Favorable,2026-01-20,,R-17,True
SYN-00449,Homme,Licence,4.5,Favorable,Favorable,Visible,Favorable,Non,Favorable,2026-04-04,,R-21,True
SYN-00450,Homme,Bac+2,0.4,Défavorable,Défavorable,Visible,Défavorable,Oui,Défavorable,2026-04-30,2026-05-08,R-12,True
SYN-00451,Homme,Bac+2,6.3,Favorable,Défavorable,Visible,Défavorable,Oui,Favorable,2026-03-03,2026-03-26,R-13,True
SYN-00452,Homme,Bac+2,16.4,Favorable,Favorable,Visible,Favorable,Non,Favorable,2026-02-24,,R-08,True
SYN-00453,Homme,Master,3.1,Favorable,Favorable,Visible,Favorable,Non,Favorable,2026-02-09,,R-15,True
SYN-00454,Homme,Master,9.2,Favorable,Favorable,Masquée,Favorable,Non,Favorable,2026-04-15,,R-14,True
SYN-00455,Femme,Master,6.5,Favorable,Défavorable,Visible,Défavorable,Non,Défavorable,2026-02-19,,R-05,True
SYN-00456,Homme,Licence,4.6,Défavorable,Défavorable,Masquée,Favorable,Non,Favorable,2026-03-02,,R-27,True
SYN-00457,Homme,Master,8.1,Favorable,Favorable,Masquée,Favorable,Non,Favorable,2026-03-17,,R-27,True
SYN-00458,Femme,Bac+2,5.5,Défavorable,Favorable,Masquée,Favorable,Non,Favorable,2026-03-13,,R-02,True
SYN-00459,Homme,Bac+2,2.7,Défavorable,Défavorable,Visible,Défavorable,Non,Défavorable,2026-01-12,,R-05,True
SYN-00460,Femme,Master,1.3,Favorable,Défavorable,Masquée,Défavorable,Non,Défavorable,2026-02-21,,R-28,True
SYN-00461,Femme,Licence,7.8,Favorable,Défavorable,Visible,Favorable,Non,Favorable,2026-02-22,,R-25,True
SYN-00462,Femme,Licence,0.4,Défavorable,Défavorable,Visible,Défavorable,Non,Défavorable,2026-04-09,,R-23,True
SYN-00463,Femme,Master,3.5,Favorable,Favorable,Visible,Favorable,Non,Favorable,2026-02-25,,R-09,True
SYN-00464,Homme,Licence,3.5,Favorable,Favorable,Masquée,Favorable,Non,Favorable,2026-03-28,,R-04,True
SYN-00465,Femme,Master,10.7,Favorable,Favorable,Masquée,Défavorable,Non,Défavorable,2026-03-08,,R-15,True
SYN-00466,Homme,Licence,5.0,Défavorable,Favorable,Visible,Favorable,Non,Favorable,2026-04-16,,R-08,True
SYN-00467,Femme,Master,8.6,Défavorable,Défavorable,Visible,Favorable,Non,Favorable,2026-02-19,,R-17,True
SYN-00468,Homme,Licence,4.9,Défavorable,Défavorable,Masquée,Défavorable,Non,Défavorable,2026-02-03,,R-04,True
SYN-00469,Homme,Bac+2,6.4,Défavorable,Favorable,Masquée,Défavorable,Oui,Défavorable,2026-04-21,2026-06-03,R-15,True
SYN-00470,Femme,Master,7.7,Favorable,Favorable,Masquée,Favorable,Non,Favorable,2026-01-07,,R-24,True
SYN-00471,Homme,Bac+2,9.1,Favorable,Favorable,Masquée,Défavorable,Non,Défavorable,2026-01-28,,R-02,True
SYN-00472,Homme,Bac+2,14.1,Favorable,Favorable,Masquée,Défavorable,Oui,Favorable,2026-02-16,2026-03-18,R-17,True
SYN-00473,Femme,Master,13.1,Favorable,Favorable,Masquée,Favorable,Non,Favorable,2026-03-30,,R-08,True
SYN-00474,Homme,Licence,4.1,Favorable,Défavorable,Visible,Défavorable,Non,Défavorable,2026-04-10,,R-21,True
SYN-00475,Femme,Bac+2,2.8,Favorable,Défavorable,Visible,Défavorable,Oui,Favorable,2026-01-15,2026-02-03,R-15,True
SYN-00476,Homme,Bac+2,12.7,Favorable,Défavorable,Visible,Défavorable,Oui,Favorable,2026-02-22,2026-03-11,R-29,True
SYN-00477,Femme,Master,4.2,Défavorable,Défavorable,Visible,Défavorable,Oui,Défavorable,2026-04-13,2026-04-26,R-04,True
SYN-00478,Homme,Licence,2.3,Favorable,Favorable,Visible,Défavorable,Oui,Favorable,2026-01-31,2026-02-24,R-08,True
SYN-00479,Homme,Bac+2,5.4,Favorable,Favorable,Visible,Favorable,Non,Favorable,2026-03-24,,R-12,True
SYN-00480,Femme,Licence,0.2,Défavorable,Défavorable,Visible,Défavorable,Non,Défavorable,2026-03-05,,R-05,True
SYN-00481,Homme,Licence,2.1,Favorable,Favorable,Visible,Favorable,Non,Favorable,2026-04-07,,R-09,True
SYN-00482,Femme,Master,0.6,Favorable,Défavorable,Masquée,Défavorable,Non,Défavorable,2026-01-07,,R-29,True
SYN-00483,Homme,Master,0.4,Favorable,Favorable,Visible,Favorable,Non,Favorable,2026-04-06,,R-11,True
SYN-00484,Femme,Bac+2,8.2,Défavorable,Défavorable,Visible,Défavorable,Non,Défavorable,2026-02-13,,R-06,True
SYN-00485,Homme,Licence,6.1,Favorable,Favorable,Masquée,Favorable,Non,Favorable,2026-03-18,,R-24,True
SYN-00486,Femme,Bac+2,4.3,Favorable,Défavorable,Masquée,Favorable,Non,Favorable,2026-04-01,,R-02,True
SYN-00487,Femme,Licence,7.1,Favorable,Défavorable,Masquée,Défavorable,Non,Défavorable,2026-01-28,,R-06,True
SYN-00488,Homme,Master,4.1,Favorable,Favorable,Masquée,Défavorable,Oui,Favorable,2026-04-11,2026-05-06,R-02,True
SYN-00489,Homme,Master,6.0,Favorable,Favorable,Masquée,Favorable,Non,Favorable,2026-04-06,,R-27,True
SYN-00490,Homme,Bac+2,5.4,Favorable,Défavorable,Masquée,Favorable,Non,Favorable,2026-02-11,,R-14,True
SYN-00491,Homme,Licence,7.3,Favorable,Défavorable,Masquée,Favorable,Non,Favorable,2026-02-16,,R-17,True
SYN-00492,Homme,Bac+2,4.8,Défavorable,Défavorable,Masquée,Favorable,Non,Favorable,2026-03-31,,R-07,True
SYN-00493,Femme,Master,8.4,Favorable,Favorable,Visible,Favorable,Non,Favorable,2026-03-18,,R-16,True
SYN-00494,Femme,Master,1.1,Défavorable,Favorable,Visible,Favorable,Non,Favorable,2026-04-24,,R-01,True
SYN-00495,Homme,Master,6.1,Défavorable,Favorable,Masquée,Favorable,Non,Favorable,2026-01-18,,R-06,True
SYN-00496,Homme,Master,6.3,Favorable,Favorable,Visible,Favorable,Non,Favorable,2026-04-11,,R-18,True
SYN-00497,Homme,Bac+2,11.0,Défavorable,Favorable,Masquée,Favorable,Non,Favorable,2026-03-27,,R-01,True
SYN-00498,Homme,Bac+2,2.6,Défavorable,Défavorable,Visible,Favorable,Non,Favorable,2026-04-08,,R-12,True
SYN-00499,Femme,Master,4.8,Favorable,Favorable,Visible,Favorable,Non,Favorable,2026-01-29,,R-26,True
SYN-00500,Femme,Master,1.3,Favorable,Défavorable,Visible,Défavorable,Non,Défavorable,2026-01-22,,R-17,True
SYN-00501,Femme,Bac+2,10.9,Défavorable,Défavorable,Masquée,Défavorable,Oui,Défavorable,2026-04-04,2026-04-22,R-22,True
SYN-00502,Femme,Bac+2,13.6,Favorable,Favorable,Masquée,Favorable,Non,Favorable,2026-03-31,,R-15,True
SYN-00503,Femme,Licence,3.7,Favorable,Favorable,Visible,Favorable,Non,Favorable,2026-01-02,,R-23,True
SYN-00504,Femme,Licence,2.8,Favorable,Défavorable,Masquée,Défavorable,Oui,Défavorable,2026-01-30,2026-02-05,R-30,True
SYN-00505,Femme,Master,18.0,Favorable,Favorable,Visible,Favorable,Non,Favorable,2026-04-17,,R-11,True
SYN-00506,Femme,Licence,4.0,Défavorable,Défavorable,Visible,Défavorable,Non,Défavorable,2026-03-25,,R-03,True
SYN-00507,Homme,Master,1.5,Favorable,Défavorable,Masquée,Favorable,Non,Favorable,2026-03-21,,R-14,True
SYN-00508,Homme,Bac+2,5.1,Défavorable,Défavorable,Masquée,Défavorable,Non,Défavorable,2026-04-20,,R-21,True
SYN-00509,Homme,Licence,12.7,Favorable,Favorable,Visible,Favorable,Non,Favorable,2026-04-22,,R-08,True
SYN-00510,Homme,Bac+2,3.9,Défavorable,Défavorable,Masquée,Favorable,Non,Favorable,2026-02-22,,R-23,True
SYN-00511,Femme,Bac+2,8.2,Favorable,Favorable,Masquée,Favorable,Non,Favorable,2026-02-01,,R-01,True
SYN-00512,Femme,Licence,11.8,Défavorable,Favorable,Masquée,Défavorable,Oui,Défavorable,2026-02-21,2026-03-30,R-23,True
SYN-00513,Homme,Licence,2.5,Défavorable,Favorable,Visible,Défavorable,Non,Défavorable,2026-02-07,,R-30,True
SYN-00514,Homme,Licence,4.3,Défavorable,Favorable,Masquée,Favorable,Non,Favorable,2026-04-08,,R-29,True
SYN-00515,Femme,Bac+2,8.5,Défavorable,Défavorable,Visible,Défavorable,Non,Défavorable,2026-03-29,,R-18,True
SYN-00516,Homme,Bac+2,2.1,Défavorable,Défavorable,Masquée,Défavorable,Oui,Défavorable,2026-03-28,2026-04-07,R-27,True
SYN-00517,Femme,Licence,3.6,Défavorable,Défavorable,Masquée,Favorable,Non,Favorable,2026-04-16,,R-16,True
SYN-00518,Homme,Master,11.1,Favorable,Favorable,Visible,Favorable,Non,Favorable,2026-01-31,,R-28,True
SYN-00519,Femme,Master,4.1,Favorable,Favorable,Masquée,Défavorable,Non,Défavorable,2026-03-28,,R-07,True
SYN-00520,Homme,Bac+2,10.1,Favorable,Favorable,Masquée,Défavorable,Oui,Favorable,2026-04-02,2026-05-16,R-01,True
SYN-00521,Homme,Licence,4.5,Défavorable,Défavorable,Masquée,Défavorable,Oui,Défavorable,2026-02-26,2026-03-30,R-17,True
SYN-00522,Homme,Licence,6.5,Favorable,Favorable,Masquée,Favorable,Non,Favorable,2026-01-01,,R-17,True
SYN-00523,Homme,Bac+2,16.5,Défavorable,Favorable,Visible,Favorable,Non,Favorable,2026-03-01,,R-21,True
SYN-00524,Homme,Master,2.7,Favorable,Favorable,Masquée,Favorable,Non,Favorable,2026-01-14,,R-17,True
SYN-00525,Homme,Master,1.9,Favorable,Défavorable,Masquée,Défavorable,Oui,Favorable,2026-01-08,2026-01-31,R-26,True
SYN-00526,Femme,Licence,3.4,Défavorable,Favorable,Masquée,Favorable,Non,Favorable,2026-03-29,,R-16,True
SYN-00527,Homme,Master,8.0,Défavorable,Favorable,Masquée,Favorable,Non,Favorable,2026-04-24,,R-13,True
SYN-00528,Femme,Master,5.2,Favorable,Défavorable,Visible,Défavorable,Non,Défavorable,2026-03-29,,R-18,True
SYN-00529,Homme,Master,9.8,Défavorable,Favorable,Masquée,Favorable,Non,Favorable,2026-01-29,,R-30,True
SYN-00530,Homme,Licence,5.7,Défavorable,Favorable,Visible,Favorable,Non,Favorable,2026-04-04,,R-25,True
SYN-00531,Femme,Master,8.0,Favorable,Favorable,Masquée,Favorable,Non,Favorable,2026-03-22,,R-06,True
SYN-00532,Homme,Licence,2.8,Défavorable,Défavorable,Masquée,Défavorable,Oui,Défavorable,2026-01-24,2026-02-13,R-14,True
SYN-00533,Homme,Master,3.4,Favorable,Favorable,Masquée,Favorable,Non,Favorable,2026-01-13,,R-30,True
SYN-00534,Femme,Licence,3.6,Favorable,Favorable,Masquée,Défavorable,Oui,Favorable,2026-01-06,2026-01-25,R-16,True
SYN-00535,Homme,Licence,3.3,Favorable,Favorable,Masquée,Défavorable,Oui,Favorable,2026-03-10,2026-04-01,R-14,True
SYN-00536,Homme,Bac+2,3.4,Favorable,Défavorable,Visible,Favorable,Non,Favorable,2026-01-27,,R-02,True
SYN-00537,Femme,Licence,4.4,Défavorable,Défavorable,Visible,Défavorable,Non,Défavorable,2026-04-25,,R-18,True
SYN-00538,Homme,Master,15.5,Favorable,Favorable,Masquée,Favorable,Non,Favorable,2026-04-02,,R-06,True
SYN-00539,Homme,Licence,4.8,Défavorable,Défavorable,Visible,Défavorable,Oui,Défavorable,2026-03-03,2026-04-15,R-17,True
SYN-00540,Homme,Licence,3.0,Favorable,Favorable,Visible,Favorable,Non,Favorable,2026-04-15,,R-10,True
SYN-00541,Homme,Licence,3.5,Défavorable,Favorable,Masquée,Favorable,Non,Favorable,2026-02-18,,R-04,True
SYN-00542,Femme,Licence,7.0,Favorable,Favorable,Visible,Favorable,Non,Favorable,2026-01-24,,R-26,True
SYN-00543,Femme,Bac+2,5.0,Défavorable,Défavorable,Visible,Favorable,Non,Favorable,2026-01-25,,R-19,True
SYN-00544,Homme,Bac+2,4.9,Favorable,Défavorable,Masquée,Défavorable,Oui,Favorable,2026-03-21,2026-04-17,R-16,True
SYN-00545,Femme,Master,2.2,Défavorable,Défavorable,Masquée,Défavorable,Non,Défavorable,2026-03-03,,R-22,True
SYN-00546,Homme,Bac+2,3.5,Défavorable,Favorable,Masquée,Favorable,Non,Favorable,2026-03-05,,R-14,True
SYN-00547,Homme,Licence,2.5,Favorable,Défavorable,Visible,Favorable,Non,Favorable,2026-03-06,,R-26,True
SYN-00548,Femme,Bac+2,4.8,Défavorable,Défavorable,Masquée,Défavorable,Non,Défavorable,2026-03-06,,R-14,True
SYN-00549,Femme,Bac+2,5.0,Favorable,Favorable,Masquée,Défavorable,Oui,Favorable,2026-04-02,2026-05-03,R-23,True
SYN-00550,Homme,Licence,9.8,Favorable,Favorable,Masquée,Défavorable,Oui,Défavorable,2026-01-23,2026-02-18,R-11,True
SYN-00551,Femme,Licence,3.2,Favorable,Défavorable,Visible,Favorable,Non,Favorable,2026-03-27,,R-05,True
SYN-00552,Femme,Master,2.2,Défavorable,Favorable,Masquée,Favorable,Non,Favorable,2026-04-11,,R-20,True
SYN-00553,Femme,Master,8.5,Favorable,Défavorable,Visible,Défavorable,Oui,Défavorable,2026-04-25,2026-05-28,R-19,True
SYN-00554,Homme,Licence,6.3,Défavorable,Favorable,Visible,Favorable,Non,Favorable,2026-04-09,,R-04,True
SYN-00555,Homme,Licence,2.7,Défavorable,Défavorable,Visible,Favorable,Non,Favorable,2026-01-23,,R-02,True
SYN-00556,Femme,Master,5.9,Défavorable,Favorable,Visible,Favorable,Non,Favorable,2026-01-13,,R-03,True
SYN-00557,Femme,Bac+2,5.9,Défavorable,Favorable,Masquée,Favorable,Non,Favorable,2026-03-22,,R-27,True
SYN-00558,Femme,Bac+2,13.5,Défavorable,Favorable,Masquée,Favorable,Non,Favorable,2026-04-26,,R-10,True
SYN-00559,Homme,Bac+2,8.0,Favorable,Défavorable,Masquée,Favorable,Non,Favorable,2026-01-25,,R-17,True
SYN-00560,Homme,Master,14.3,Favorable,Favorable,Visible,Favorable,Non,Favorable,2026-01-29,,R-28,True
SYN-00561,Homme,Licence,5.5,Défavorable,Favorable,Visible,Favorable,Non,Favorable,2026-01-05,,R-24,True
SYN-00562,Homme,Bac+2,5.1,Favorable,Défavorable,Masquée,Favorable,Non,Favorable,2026-01-25,,R-20,True
SYN-00563,Femme,Licence,4.9,Favorable,Défavorable,Visible,Défavorable,Oui,Défavorable,2026-04-10,2026-04-16,R-14,True
SYN-00564,Femme,Master,6.3,Favorable,Favorable,Visible,Favorable,Non,Favorable,2026-04-25,,R-24,True
SYN-00565,Femme,Bac+2,2.0,Défavorable,Défavorable,Visible,Défavorable,Non,Défavorable,2026-01-22,,R-07,True
SYN-00566,Homme,Master,6.1,Favorable,Favorable,Visible,Favorable,Non,Favorable,2026-02-18,,R-01,True
SYN-00567,Homme,Master,1.7,Favorable,Favorable,Visible,Favorable,Non,Favorable,2026-02-22,,R-09,True
SYN-00568,Homme,Licence,1.2,Défavorable,Défavorable,Masquée,Favorable,Non,Favorable,2026-04-17,,R-26,True
SYN-00569,Femme,Bac+2,3.5,Favorable,Défavorable,Visible,Défavorable,Oui,Favorable,2026-02-19,2026-03-29,R-09,True
SYN-00570,Femme,Bac+2,5.8,Défavorable,Favorable,Masquée,Défavorable,Non,Défavorable,2026-02-19,,R-25,True
SYN-00571,Femme,Master,1.6,Défavorable,Défavorable,Masquée,Défavorable,Oui,Défavorable,2026-04-08,2026-05-23,R-06,True
SYN-00572,Femme,Licence,3.7,Favorable,Défavorable,Visible,Défavorable,Oui,Défavorable,2026-03-12,2026-04-16,R-19,True
SYN-00573,Homme,Licence,9.6,Favorable,Favorable,Masquée,Favorable,Non,Favorable,2026-04-02,,R-08,True
SYN-00574,Homme,Licence,6.3,Favorable,Favorable,Visible,Défavorable,Non,Défavorable,2026-01-21,,R-01,True
SYN-00575,Homme,Licence,5.0,Défavorable,Défavorable,Masquée,Défavorable,Non,Défavorable,2026-03-31,,R-07,True
SYN-00576,Homme,Bac+2,1.4,Défavorable,Défavorable,Visible,Favorable,Non,Favorable,2026-04-29,,R-17,True
SYN-00577,Homme,Master,6.7,Favorable,Favorable,Masquée,Favorable,Non,Favorable,2026-02-18,,R-01,True
SYN-00578,Femme,Master,8.6,Favorable,Favorable,Visible,Favorable,Non,Favorable,2026-04-19,,R-26,True
SYN-00579,Femme,Bac+2,13.1,Favorable,Favorable,Masquée,Favorable,Non,Favorable,2026-04-26,,R-02,True
SYN-00580,Femme,Master,4.2,Défavorable,Favorable,Masquée,Favorable,Non,Favorable,2026-01-23,,R-05,True
SYN-00581,Homme,Bac+2,8.3,Défavorable,Défavorable,Visible,Défavorable,Oui,Défavorable,2026-01-10,2026-02-04,R-11,True
SYN-00582,Femme,Master,7.1,Défavorable,Favorable,Masquée,Défavorable,Non,Défavorable,2026-02-25,,R-02,True
SYN-00583,Femme,Licence,2.2,Défavorable,Défavorable,Visible,Défavorable,Non,Défavorable,2026-03-03,,R-30,True
SYN-00584,Homme,Bac+2,3.2,Favorable,Favorable,Masquée,Défavorable,Oui,Favorable,2026-04-25,2026-06-06,R-15,True
SYN-00585,Homme,Licence,6.7,Défavorable,Favorable,Masquée,Défavorable,Non,Défavorable,2026-03-28,,R-18,True
SYN-00586,Homme,Licence,0.8,Défavorable,Défavorable,Visible,Favorable,Non,Favorable,2026-02-09,,R-21,True
SYN-00587,Homme,Master,7.6,Défavorable,Favorable,Visible,Favorable,Non,Favorable,2026-04-15,,R-23,True
SYN-00588,Femme,Bac+2,3.4,Défavorable,Défavorable,Masquée,Défavorable,Non,Défavorable,2026-01-29,,R-17,True
SYN-00589,Femme,Licence,4.5,Favorable,Favorable,Masquée,Défavorable,Non,Défavorable,2026-03-19,,R-23,True
SYN-00590,Homme,Licence,10.6,Défavorable,Favorable,Masquée,Défavorable,Oui,Défavorable,2026-02-20,2026-03-02,R-02,True
SYN-00591,Homme,Bac+2,7.5,Défavorable,Défavorable,Visible,Défavorable,Non,Défavorable,2026-03-09,,R-17,True
SYN-00592,Femme,Licence,11.4,Favorable,Favorable,Visible,Favorable,Non,Favorable,2026-03-24,,R-07,True
SYN-00593,Homme,Licence,3.8,Défavorable,Favorable,Visible,Favorable,Non,Favorable,2026-04-30,,R-01,True
SYN-00594,Femme,Licence,10.2,Défavorable,Défavorable,Masquée,Favorable,Non,Favorable,2026-01-30,,R-13,True
SYN-00595,Homme,Bac+2,8.5,Favorable,Favorable,Masquée,Favorable,Non,Favorable,2026-01-04,,R-28,True
SYN-00596,Homme,Bac+2,6.6,Favorable,Favorable,Masquée,Défavorable,Oui,Favorable,2026-03-17,2026-04-21,R-24,True
SYN-00597,Homme,Master,3.9,Favorable,Favorable,Visible,Favorable,Non,Favorable,2026-01-27,,R-10,True
SYN-00598,Femme,Master,8.5,Favorable,Favorable,Visible,Favorable,Non,Favorable,2026-02-24,,R-22,True
SYN-00599,Femme,Master,5.6,Défavorable,Défavorable,Visible,Défavorable,Non,Défavorable,2026-03-15,,R-13,True
SYN-00600,Homme,Licence,3.1,Favorable,Défavorable,Visible,Défavorable,Oui,Favorable,2026-01-30,2026-03-04,R-10,True
SYN-00601,Homme,Bac+2,1.2,Défavorable,Défavorable,Masquée,Défavorable,Oui,Défavorable,2026-04-15,2026-05-06,R-19,True
SYN-00602,Femme,Bac+2,3.8,Défavorable,Favorable,Masquée,Défavorable,Non,Défavorable,2026-02-12,,R-05,True
SYN-00603,Femme,Licence,4.1,Favorable,Défavorable,Masquée,Favorable,Non,Favorable,2026-04-17,,R-11,True
SYN-00604,Femme,Licence,4.1,Défavorable,Favorable,Visible,Favorable,Non,Favorable,2026-01-31,,R-23,True
SYN-00605,Homme,Master,11.4,Favorable,Favorable,Visible,Favorable,Non,Favorable,2026-02-20,,R-08,True
SYN-00606,Homme,Licence,11.7,Favorable,Favorable,Visible,Favorable,Non,Favorable,2026-04-30,,R-07,True
SYN-00607,Homme,Bac+2,1.2,Défavorable,Défavorable,Visible,Défavorable,Oui,Défavorable,2026-02-16,2026-03-05,R-26,True
SYN-00608,Femme,Master,6.2,Défavorable,Favorable,Visible,Favorable,Non,Favorable,2026-04-20,,R-28,True
SYN-00609,Femme,Bac+2,12.3,Défavorable,Favorable,Masquée,Défavorable,Non,Défavorable,2026-03-28,,R-04,True
SYN-00610,Homme,Licence,2.2,Favorable,Défavorable,Visible,Favorable,Non,Favorable,2026-04-20,,R-23,True
SYN-00611,Homme,Master,8.0,Favorable,Favorable,Visible,Favorable,Non,Favorable,2026-03-16,,R-11,True
SYN-00612,Homme,Bac+2,4.4,Favorable,Favorable,Masquée,Favorable,Non,Favorable,2026-01-15,,R-09,True
SYN-00613,Homme,Master,1.8,Favorable,Favorable,Visible,Favorable,Non,Favorable,2026-01-07,,R-12,True
SYN-00614,Homme,Licence,2.4,Favorable,Favorable,Masquée,Favorable,Non,Favorable,2026-02-01,,R-16,True
SYN-00615,Homme,Licence,5.0,Favorable,Défavorable,Visible,Favorable,Non,Favorable,2026-03-06,,R-29,True
SYN-00616,Femme,Master,3.8,Favorable,Favorable,Masquée,Favorable,Non,Favorable,2026-02-19,,R-11,True
SYN-00617,Homme,Licence,3.3,Défavorable,Défavorable,Visible,Défavorable,Oui,Défavorable,2026-03-19,2026-04-07,R-14,True
SYN-00618,Femme,Licence,3.5,Défavorable,Favorable,Masquée,Favorable,Non,Favorable,2026-01-31,,R-29,True
SYN-00619,Homme,Master,0.7,Défavorable,Défavorable,Visible,Défavorable,Non,Défavorable,2026-04-29,,R-20,True
SYN-00620,Femme,Bac+2,4.4,Défavorable,Défavorable,Masquée,Favorable,Non,Favorable,2026-02-24,,R-28,True
SYN-00621,Femme,Bac+2,2.3,Défavorable,Défavorable,Masquée,Défavorable,Non,Défavorable,2026-03-31,,R-20,True
SYN-00622,Homme,Licence,8.9,Défavorable,Favorable,Masquée,Favorable,Non,Favorable,2026-04-06,,R-28,True
SYN-00623,Homme,Licence,14.0,Défavorable,Favorable,Visible,Défavorable,Non,Défavorable,2026-04-19,,R-08,True
SYN-00624,Femme,Bac+2,3.2,Favorable,Défavorable,Masquée,Favorable,Non,Favorable,2026-04-24,,R-02,True
SYN-00625,Femme,Master,1.2,Favorable,Défavorable,Masquée,Favorable,Non,Favorable,2026-04-23,,R-13,True
SYN-00626,Homme,Bac+2,2.2,Défavorable,Défavorable,Masquée,Défavorable,Oui,Défavorable,2026-03-10,2026-04-10,R-26,True
SYN-00627,Homme,Bac+2,3.9,Défavorable,Favorable,Visible,Favorable,Non,Favorable,2026-01-05,,R-17,True
SYN-00628,Femme,Bac+2,2.0,Défavorable,Défavorable,Masquée,Défavorable,Oui,Défavorable,2026-01-04,2026-02-10,R-18,True
SYN-00629,Homme,Master,18.0,Défavorable,Favorable,Masquée,Favorable,Non,Favorable,2026-04-12,,R-19,True
SYN-00630,Femme,Bac+2,5.6,Défavorable,Défavorable,Masquée,Défavorable,Non,Défavorable,2026-04-04,,R-21,True
SYN-00631,Femme,Licence,6.5,Défavorable,Défavorable,Visible,Défavorable,Oui,Défavorable,2026-04-19,2026-06-01,R-30,True
SYN-00632,Femme,Bac+2,8.2,Défavorable,Favorable,Visible,Favorable,Non,Favorable,2026-01-10,,R-06,True
SYN-00633,Homme,Licence,4.2,Défavorable,Favorable,Masquée,Défavorable,Oui,Défavorable,2026-03-24,2026-04-13,R-02,True
SYN-00634,Homme,Master,1.7,Favorable,Favorable,Masquée,Favorable,Non,Favorable,2026-01-31,,R-02,True
SYN-00635,Femme,Licence,8.4,Favorable,Défavorable,Visible,Défavorable,Non,Défavorable,2026-01-26,,R-11,True
SYN-00636,Homme,Licence,5.1,Défavorable,Favorable,Masquée,Défavorable,Oui,Défavorable,2026-04-04,2026-05-10,R-10,True
SYN-00637,Homme,Master,7.1,Favorable,Favorable,Visible,Favorable,Non,Favorable,2026-04-03,,R-18,True
SYN-00638,Homme,Bac+2,7.2,Défavorable,Défavorable,Visible,Favorable,Non,Favorable,2026-01-28,,R-09,True
SYN-00639,Femme,Bac+2,3.9,Favorable,Défavorable,Visible,Favorable,Non,Favorable,2026-01-15,,R-23,True
SYN-00640,Femme,Bac+2,9.5,Favorable,Défavorable,Masquée,Défavorable,Non,Défavorable,2026-04-10,,R-22,True
SYN-00641,Homme,Master,17.3,Favorable,Favorable,Masquée,Favorable,Non,Favorable,2026-01-08,,R-29,True
SYN-00642,Homme,Licence,7.6,Défavorable,Défavorable,Masquée,Défavorable,Non,Défavorable,2026-02-25,,R-02,True
SYN-00643,Homme,Licence,2.8,Favorable,Favorable,Masquée,Défavorable,Non,Défavorable,2026-03-03,,R-05,True
SYN-00644,Homme,Bac+2,16.5,Favorable,Favorable,Masquée,Défavorable,Non,Défavorable,2026-01-15,,R-01,True
SYN-00645,Femme,Bac+2,11.2,Favorable,Favorable,Masquée,Favorable,Non,Favorable,2026-04-17,,R-03,True
SYN-00646,Homme,Licence,2.6,Défavorable,Défavorable,Visible,Défavorable,Oui,Défavorable,2026-04-15,2026-05-03,R-09,True
SYN-00647,Homme,Bac+2,3.4,Défavorable,Favorable,Masquée,Défavorable,Oui,Défavorable,2026-03-18,2026-04-28,R-24,True
SYN-00648,Homme,Master,5.3,Favorable,Favorable,Masquée,Favorable,Non,Favorable,2026-02-10,,R-20,True
SYN-00649,Femme,Licence,6.7,Favorable,Favorable,Masquée,Défavorable,Non,Défavorable,2026-01-20,,R-16,True
SYN-00650,Homme,Bac+2,2.1,Défavorable,Favorable,Visible,Favorable,Non,Favorable,2026-04-18,,R-11,True
SYN-00651,Homme,Licence,5.8,Défavorable,Défavorable,Visible,Défavorable,Non,Défavorable,2026-03-21,,R-26,True
SYN-00652,Femme,Licence,4.0,Favorable,Favorable,Masquée,Défavorable,Non,Défavorable,2026-02-21,,R-12,True
SYN-00653,Femme,Licence,2.1,Favorable,Favorable,Masquée,Défavorable,Non,Défavorable,2026-02-14,,R-18,True
SYN-00654,Homme,Master,7.2,Favorable,Favorable,Visible,Favorable,Non,Favorable,2026-03-18,,R-11,True
SYN-00655,Femme,Licence,4.1,Favorable,Défavorable,Visible,Défavorable,Oui,Favorable,2026-03-30,2026-04-06,R-02,True
SYN-00656,Femme,Master,17.1,Favorable,Favorable,Masquée,Favorable,Non,Favorable,2026-04-19,,R-11,True
SYN-00657,Homme,Bac+2,11.1,Défavorable,Défavorable,Masquée,Défavorable,Oui,Défavorable,2026-01-29,2026-03-03,R-19,True
SYN-00658,Femme,Bac+2,8.6,Favorable,Favorable,Masquée,Favorable,Non,Favorable,2026-02-15,,R-09,True
SYN-00659,Femme,Licence,3.2,Défavorable,Défavorable,Masquée,Favorable,Non,Favorable,2026-02-08,,R-25,True
SYN-00660,Femme,Master,6.1,Favorable,Favorable,Masquée,Défavorable,Non,Défavorable,2026-02-26,,R-13,True
SYN-00661,Femme,Licence,2.8,Favorable,Défavorable,Masquée,Favorable,Non,Favorable,2026-03-18,,R-28,True
SYN-00662,Femme,Licence,3.0,Favorable,Favorable,Visible,Favorable,Non,Favorable,2026-02-19,,R-23,True
SYN-00663,Femme,Licence,11.3,Défavorable,Défavorable,Visible,Défavorable,Oui,Favorable,2026-01-24,2026-02-06,R-14,True
SYN-00664,Femme,Master,3.5,Défavorable,Favorable,Visible,Favorable,Non,Favorable,2026-03-07,,R-22,True
SYN-00665,Femme,Licence,11.9,Favorable,Favorable,Visible,Favorable,Non,Favorable,2026-01-05,,R-24,True
SYN-00666,Homme,Bac+2,5.7,Défavorable,Favorable,Masquée,Favorable,Non,Favorable,2026-03-09,,R-05,True
SYN-00667,Homme,Licence,18.0,Favorable,Favorable,Visible,Favorable,Non,Favorable,2026-02-23,,R-21,True
SYN-00668,Femme,Licence,1.2,Défavorable,Défavorable,Masquée,Défavorable,Non,Défavorable,2026-03-20,,R-15,True
SYN-00669,Homme,Bac+2,5.2,Défavorable,Défavorable,Visible,Défavorable,Oui,Favorable,2026-01-04,2026-01-23,R-25,True
SYN-00670,Femme,Licence,5.3,Favorable,Favorable,Masquée,Défavorable,Non,Défavorable,2026-02-22,,R-05,True
SYN-00671,Homme,Master,6.3,Favorable,Favorable,Visible,Favorable,Non,Favorable,2026-02-24,,R-04,True
SYN-00672,Femme,Licence,1.4,Défavorable,Défavorable,Masquée,Favorable,Non,Favorable,2026-02-10,,R-08,True
SYN-00673,Homme,Licence,2.6,Favorable,Favorable,Visible,Favorable,Non,Favorable,2026-02-16,,R-13,True
SYN-00674,Femme,Licence,2.7,Défavorable,Défavorable,Masquée,Défavorable,Oui,Défavorable,2026-03-08,2026-04-02,R-12,True
SYN-00675,Homme,Licence,3.9,Défavorable,Défavorable,Visible,Défavorable,Oui,Défavorable,2026-03-05,2026-04-06,R-05,True
SYN-00676,Femme,Bac+2,1.7,Favorable,Défavorable,Visible,Défavorable,Oui,Favorable,2026-02-03,2026-03-05,R-23,True
SYN-00677,Homme,Bac+2,3.9,Défavorable,Favorable,Visible,Défavorable,Non,Défavorable,2026-01-25,,R-17,True
SYN-00678,Femme,Licence,3.4,Favorable,Favorable,Visible,Favorable,Non,Favorable,2026-03-27,,R-13,True
SYN-00679,Homme,Licence,4.5,Favorable,Favorable,Visible,Favorable,Non,Favorable,2026-02-21,,R-02,True
SYN-00680,Homme,Licence,1.5,Favorable,Défavorable,Visible,Défavorable,Non,Défavorable,2026-01-20,,R-14,True
SYN-00681,Homme,Bac+2,15.2,Favorable,Favorable,Masquée,Défavorable,Oui,Favorable,2026-02-18,2026-02-24,R-19,True
SYN-00682,Femme,Licence,5.0,Favorable,Favorable,Masquée,Défavorable,Oui,Favorable,2026-01-10,2026-02-02,R-08,True
SYN-00683,Homme,Licence,18.0,Défavorable,Favorable,Visible,Favorable,Non,Favorable,2026-04-12,,R-20,True
SYN-00684,Homme,Licence,4.4,Défavorable,Favorable,Visible,Favorable,Non,Favorable,2026-02-12,,R-12,True
SYN-00685,Femme,Bac+2,15.6,Favorable,Favorable,Masquée,Favorable,Non,Favorable,2026-01-11,,R-04,True
SYN-00686,Femme,Licence,6.6,Favorable,Défavorable,Masquée,Favorable,Non,Favorable,2026-04-11,,R-27,True
SYN-00687,Homme,Bac+2,14.4,Défavorable,Favorable,Masquée,Défavorable,Non,Défavorable,2026-02-28,,R-18,True
SYN-00688,Femme,Licence,1.9,Favorable,Défavorable,Masquée,Favorable,Non,Favorable,2026-02-18,,R-11,True
SYN-00689,Femme,Licence,1.9,Défavorable,Défavorable,Visible,Défavorable,Oui,Défavorable,2026-04-15,2026-05-21,R-21,True
SYN-00690,Femme,Master,9.7,Favorable,Défavorable,Visible,Défavorable,Oui,Défavorable,2026-04-02,2026-05-10,R-25,True
SYN-00691,Femme,Bac+2,5.3,Défavorable,Favorable,Visible,Favorable,Non,Favorable,2026-01-17,,R-10,True
SYN-00692,Femme,Licence,12.9,Favorable,Favorable,Visible,Favorable,Non,Favorable,2026-02-26,,R-15,True
SYN-00693,Femme,Licence,3.5,Défavorable,Défavorable,Masquée,Défavorable,Non,Défavorable,2026-03-24,,R-12,True
SYN-00694,Homme,Bac+2,8.5,Favorable,Favorable,Visible,Favorable,Non,Favorable,2026-03-25,,R-26,True
SYN-00695,Femme,Master,2.1,Défavorable,Favorable,Visible,Défavorable,Non,Défavorable,2026-02-24,,R-20,True
SYN-00696,Homme,Licence,6.0,Défavorable,Défavorable,Visible,Défavorable,Non,Défavorable,2026-01-01,,R-24,True
SYN-00697,Femme,Licence,2.6,Défavorable,Défavorable,Visible,Défavorable,Non,Défavorable,2026-01-16,,R-02,True
SYN-00698,Femme,Licence,8.6,Favorable,Favorable,Masquée,Favorable,Non,Favorable,2026-02-06,,R-06,True
SYN-00699,Femme,Master,2.6,Favorable,Défavorable,Visible,Favorable,Non,Favorable,2026-04-15,,R-05,True
SYN-00700,Homme,Licence,2.0,Défavorable,Défavorable,Visible,Défavorable,Oui,Défavorable,2026-03-09,2026-03-30,R-20,True
SYN-00701,Homme,Master,2.3,Favorable,Favorable,Masquée,Favorable,Non,Favorable,2026-04-26,,R-09,True
SYN-00702,Homme,Master,1.5,Favorable,Favorable,Visible,Favorable,Non,Favorable,2026-03-23,,R-08,True
SYN-00703,Femme,Licence,5.6,Favorable,Favorable,Visible,Favorable,Non,Favorable,2026-03-15,,R-16,True
SYN-00704,Homme,Bac+2,0.5,Favorable,Défavorable,Visible,Défavorable,Oui,Favorable,2026-04-15,2026-05-28,R-22,True
SYN-00705,Femme,Master,10.7,Défavorable,Favorable,Visible,Favorable,Non,Favorable,2026-01-11,,R-06,True
SYN-00706,Femme,Bac+2,1.8,Défavorable,Défavorable,Masquée,Défavorable,Non,Défavorable,2026-03-22,,R-25,True
SYN-00707,Homme,Licence,7.7,Favorable,Favorable,Masquée,Favorable,Non,Favorable,2026-02-26,,R-26,True
SYN-00708,Femme,Licence,12.8,Favorable,Favorable,Masquée,Défavorable,Oui,Défavorable,2026-04-13,2026-05-07,R-20,True
SYN-00709,Femme,Bac+2,4.5,Défavorable,Défavorable,Masquée,Défavorable,Non,Défavorable,2026-03-15,,R-10,True
SYN-00710,Femme,Master,3.7,Défavorable,Favorable,Masquée,Favorable,Non,Favorable,2026-01-05,,R-29,True
SYN-00711,Homme,Licence,5.5,Défavorable,Favorable,Visible,Défavorable,Non,Défavorable,2026-01-13,,R-22,True
SYN-00712,Homme,Bac+2,4.4,Favorable,Défavorable,Visible,Défavorable,Non,Défavorable,2026-01-07,,R-04,True
SYN-00713,Homme,Licence,7.3,Favorable,Favorable,Visible,Favorable,Non,Favorable,2026-03-05,,R-17,True
SYN-00714,Femme,Licence,2.0,Défavorable,Favorable,Visible,Défavorable,Non,Défavorable,2026-01-18,,R-22,True
SYN-00715,Homme,Bac+2,2.8,Défavorable,Défavorable,Masquée,Défavorable,Non,Défavorable,2026-03-24,,R-08,True
SYN-00716,Homme,Master,4.8,Favorable,Favorable,Visible,Défavorable,Oui,Favorable,2026-02-28,2026-03-13,R-14,True
SYN-00717,Homme,Bac+2,4.4,Favorable,Défavorable,Visible,Défavorable,Non,Défavorable,2026-03-16,,R-03,True
SYN-00718,Femme,Licence,1.8,Défavorable,Défavorable,Masquée,Favorable,Non,Favorable,2026-02-10,,R-21,True
SYN-00719,Homme,Master,16.7,Favorable,Favorable,Visible,Favorable,Non,Favorable,2026-03-24,,R-13,True
SYN-00720,Femme,Master,2.9,Favorable,Favorable,Masquée,Défavorable,Oui,Défavorable,2026-04-27,2026-05-14,R-07,True
SYN-00721,Homme,Master,6.3,Favorable,Défavorable,Visible,Favorable,Non,Favorable,2026-01-07,,R-03,True
SYN-00722,Homme,Bac+2,2.0,Favorable,Défavorable,Masquée,Favorable,Non,Favorable,2026-04-23,,R-10,True
SYN-00723,Femme,Licence,3.4,Favorable,Défavorable,Visible,Défavorable,Non,Défavorable,2026-01-04,,R-17,True
SYN-00724,Femme,Master,5.4,Défavorable,Défavorable,Visible,Défavorable,Non,Défavorable,2026-03-22,,R-18,True
SYN-00725,Homme,Master,14.0,Défavorable,Favorable,Masquée,Favorable,Non,Favorable,2026-03-28,,R-04,True
SYN-00726,Femme,Master,1.1,Favorable,Défavorable,Visible,Favorable,Non,Favorable,2026-02-17,,R-05,True
SYN-00727,Femme,Master,5.9,Favorable,Favorable,Visible,Favorable,Non,Favorable,2026-01-13,,R-07,True
SYN-00728,Femme,Master,2.3,Défavorable,Favorable,Masquée,Défavorable,Non,Défavorable,2026-01-19,,R-19,True
SYN-00729,Homme,Licence,9.0,Défavorable,Défavorable,Visible,Défavorable,Non,Défavorable,2026-02-09,,R-04,True
SYN-00730,Homme,Licence,12.0,Favorable,Favorable,Visible,Favorable,Non,Favorable,2026-04-17,,R-02,True
SYN-00731,Femme,Licence,17.5,Favorable,Favorable,Visible,Favorable,Non,Favorable,2026-02-06,,R-04,True
SYN-00732,Homme,Master,4.7,Défavorable,Favorable,Masquée,Défavorable,Oui,Défavorable,2026-04-30,2026-05-25,R-26,True
SYN-00733,Homme,Bac+2,0.7,Défavorable,Favorable,Visible,Défavorable,Non,Défavorable,2026-03-12,,R-05,True
SYN-00734,Homme,Bac+2,7.9,Favorable,Défavorable,Visible,Défavorable,Non,Défavorable,2026-03-08,,R-20,True
SYN-00735,Homme,Licence,6.2,Favorable,Défavorable,Visible,Défavorable,Oui,Défavorable,2026-03-30,2026-04-08,R-14,True
SYN-00736,Homme,Bac+2,4.3,Défavorable,Favorable,Masquée,Défavorable,Non,Défavorable,2026-02-01,,R-27,True
SYN-00737,Femme,Bac+2,7.9,Favorable,Favorable,Masquée,Favorable,Non,Favorable,2026-03-09,,R-07,True
SYN-00738,Femme,Bac+2,5.7,Favorable,Favorable,Visible,Favorable,Non,Favorable,2026-01-12,,R-25,True
SYN-00739,Femme,Master,4.8,Défavorable,Défavorable,Masquée,Favorable,Non,Favorable,2026-04-03,,R-13,True
SYN-00740,Homme,Master,2.9,Défavorable,Favorable,Masquée,Favorable,Non,Favorable,2026-03-02,,R-25,True
SYN-00741,Femme,Master,10.3,Favorable,Favorable,Visible,Favorable,Non,Favorable,2026-02-15,,R-30,True
SYN-00742,Homme,Bac+2,0.9,Défavorable,Défavorable,Masquée,Défavorable,Non,Défavorable,2026-03-06,,R-27,True
SYN-00743,Homme,Licence,1.2,Favorable,Favorable,Visible,Favorable,Non,Favorable,2026-02-11,,R-24,True
SYN-00744,Femme,Master,6.8,Défavorable,Favorable,Masquée,Favorable,Non,Favorable,2026-02-15,,R-14,True
SYN-00745,Homme,Licence,0.8,Favorable,Favorable,Masquée,Favorable,Non,Favorable,2026-01-26,,R-20,True
SYN-00746,Femme,Licence,3.2,Favorable,Défavorable,Visible,Défavorable,Non,Défavorable,2026-02-24,,R-27,True
SYN-00747,Femme,Bac+2,3.8,Défavorable,Défavorable,Masquée,Défavorable,Oui,Défavorable,2026-01-16,2026-02-13,R-13,True
SYN-00748,Femme,Master,15.0,Favorable,Défavorable,Visible,Défavorable,Oui,Défavorable,2026-04-07,2026-04-28,R-01,True
SYN-00749,Homme,Licence,5.1,Défavorable,Défavorable,Visible,Favorable,Non,Favorable,2026-02-03,,R-15,True
SYN-00750,Homme,Bac+2,3.5,Favorable,Défavorable,Visible,Favorable,Non,Favorable,2026-03-13,,R-18,True
SYN-00751,Homme,Bac+2,13.3,Favorable,Favorable,Masquée,Favorable,Non,Favorable,2026-01-12,,R-07,True
SYN-00752,Homme,Master,12.3,Favorable,Favorable,Masquée,Favorable,Non,Favorable,2026-02-11,,R-22,True
SYN-00753,Homme,Bac+2,14.3,Défavorable,Favorable,Masquée,Favorable,Non,Favorable,2026-01-17,,R-02,True
SYN-00754,Femme,Licence,1.1,Favorable,Défavorable,Visible,Défavorable,Oui,Favorable,2026-04-25,2026-05-02,R-02,True
SYN-00755,Homme,Bac+2,5.2,Favorable,Défavorable,Masquée,Favorable,Non,Favorable,2026-01-18,,R-12,True
SYN-00756,Homme,Licence,5.4,Favorable,Favorable,Visible,Défavorable,Oui,Favorable,2026-03-12,2026-04-23,R-07,True
SYN-00757,Homme,Master,4.4,Favorable,Favorable,Visible,Favorable,Non,Favorable,2026-01-25,,R-14,True
SYN-00758,Homme,Bac+2,2.6,Défavorable,Défavorable,Masquée,Favorable,Non,Favorable,2026-01-18,,R-22,True
SYN-00759,Homme,Bac+2,16.1,Favorable,Favorable,Masquée,Favorable,Non,Favorable,2026-02-26,,R-07,True
SYN-00760,Femme,Bac+2,7.9,Défavorable,Défavorable,Visible,Défavorable,Non,Défavorable,2026-01-25,,R-17,True
SYN-00761,Femme,Licence,8.7,Favorable,Défavorable,Masquée,Favorable,Non,Favorable,2026-01-09,,R-21,True
SYN-00762,Femme,Licence,11.2,Favorable,Défavorable,Visible,Défavorable,Oui,Favorable,2026-04-03,2026-05-05,R-12,True
SYN-00763,Homme,Licence,7.8,Défavorable,Défavorable,Visible,Défavorable,Oui,Défavorable,2026-03-15,2026-04-06,R-23,True
SYN-00764,Femme,Bac+2,7.4,Défavorable,Défavorable,Masquée,Défavorable,Non,Défavorable,2026-01-12,,R-14,True
SYN-00765,Homme,Master,7.9,Favorable,Favorable,Masquée,Favorable,Non,Favorable,2026-01-13,,R-02,True
SYN-00766,Femme,Master,11.5,Favorable,Favorable,Masquée,Défavorable,Oui,Défavorable,2026-01-28,2026-02-25,R-16,True
SYN-00767,Femme,Bac+2,6.5,Favorable,Défavorable,Visible,Défavorable,Oui,Défavorable,2026-03-21,2026-04-09,R-30,True
SYN-00768,Femme,Licence,2.6,Défavorable,Favorable,Masquée,Favorable,Non,Favorable,2026-03-12,,R-30,True
SYN-00769,Homme,Licence,2.2,Défavorable,Défavorable,Masquée,Défavorable,Non,Défavorable,2026-04-02,,R-24,True
SYN-00770,Femme,Licence,9.4,Favorable,Favorable,Masquée,Favorable,Non,Favorable,2026-03-21,,R-25,True
SYN-00771,Homme,Master,11.4,Favorable,Favorable,Visible,Favorable,Non,Favorable,2026-04-11,,R-30,True
SYN-00772,Femme,Master,2.2,Favorable,Favorable,Masquée,Favorable,Non,Favorable,2026-04-04,,R-11,True
SYN-00773,Homme,Licence,4.6,Défavorable,Favorable,Visible,Défavorable,Non,Défavorable,2026-01-05,,R-24,True
SYN-00774,Femme,Licence,9.4,Favorable,Favorable,Masquée,Défavorable,Oui,Défavorable,2026-04-21,2026-05-19,R-14,True
SYN-00775,Femme,Licence,12.5,Favorable,Favorable,Visible,Favorable,Non,Favorable,2026-01-23,,R-03,True
SYN-00776,Femme,Bac+2,2.0,Défavorable,Défavorable,Masquée,Favorable,Non,Favorable,2026-03-08,,R-06,True
SYN-00777,Homme,Master,4.0,Favorable,Favorable,Masquée,Favorable,Non,Favorable,2026-03-29,,R-17,True
SYN-00778,Femme,Licence,7.2,Défavorable,Favorable,Masquée,Favorable,Non,Favorable,2026-03-18,,R-06,True
SYN-00779,Homme,Bac+2,4.0,Défavorable,Défavorable,Masquée,Favorable,Non,Favorable,2026-01-06,,R-05,True
SYN-00780,Homme,Master,7.8,Favorable,Favorable,Visible,Favorable,Non,Favorable,2026-04-14,,R-10,True
SYN-00781,Homme,Bac+2,3.3,Défavorable,Favorable,Masquée,Favorable,Non,Favorable,2026-01-08,,R-25,True
SYN-00782,Femme,Bac+2,3.0,Défavorable,Défavorable,Masquée,Favorable,Non,Favorable,2026-03-31,,R-24,True
SYN-00783,Homme,Licence,2.6,Défavorable,Défavorable,Visible,Défavorable,Non,Défavorable,2026-03-09,,R-09,True
SYN-00784,Femme,Master,7.2,Favorable,Favorable,Visible,Favorable,Non,Favorable,2026-04-28,,R-09,True
SYN-00785,Femme,Master,0.5,Défavorable,Favorable,Masquée,Favorable,Non,Favorable,2026-01-19,,R-06,True
SYN-00786,Femme,Licence,3.4,Défavorable,Défavorable,Masquée,Défavorable,Non,Défavorable,2026-04-13,,R-16,True
SYN-00787,Femme,Master,3.8,Défavorable,Défavorable,Masquée,Défavorable,Oui,Défavorable,2026-01-11,2026-01-29,R-05,True
SYN-00788,Homme,Licence,6.5,Défavorable,Défavorable,Visible,Défavorable,Oui,Défavorable,2026-04-11,2026-05-15,R-10,True
SYN-00789,Femme,Licence,2.4,Défavorable,Défavorable,Masquée,Défavorable,Non,Défavorable,2026-01-25,,R-22,True
SYN-00790,Femme,Licence,2.2,Défavorable,Défavorable,Visible,Défavorable,Non,Défavorable,2026-04-13,,R-09,True
SYN-00791,Homme,Master,13.0,Favorable,Favorable,Masquée,Favorable,Non,Favorable,2026-03-18,,R-24,True
SYN-00792,Homme,Licence,2.4,Défavorable,Défavorable,Visible,Favorable,Non,Favorable,2026-01-26,,R-17,True
SYN-00793,Femme,Licence,2.5,Favorable,Défavorable,Visible,Défavorable,Non,Défavorable,2026-02-02,,R-13,True
SYN-00794,Femme,Bac+2,8.8,Défavorable,Défavorable,Visible,Défavorable,Non,Défavorable,2026-02-01,,R-14,True
SYN-00795,Femme,Bac+2,2.2,Favorable,Défavorable,Masquée,Défavorable,Non,Défavorable,2026-03-21,,R-05,True
SYN-00796,Homme,Licence,7.8,Favorable,Favorable,Visible,Favorable,Non,Favorable,2026-01-01,,R-08,True
SYN-00797,Homme,Bac+2,4.4,Favorable,Favorable,Visible,Favorable,Non,Favorable,2026-02-05,,R-14,True
SYN-00798,Homme,Master,4.2,Favorable,Favorable,Masquée,Favorable,Non,Favorable,2026-01-03,,R-17,True
SYN-00799,Femme,Bac+2,12.1,Défavorable,Défavorable,Visible,Défavorable,Non,Défavorable,2026-04-23,,R-13,True
SYN-00800,Femme,Bac+2,3.1,Défavorable,Défavorable,Visible,Défavorable,Oui,Défavorable,2026-03-01,2026-03-10,R-05,True
